timestamp,0.0,10.0,20.0,30.0,40.0,50.0,60.0,70.0,80.0,90.0,100.0
2023-05-14 00:00:00+00:00,0.278298,0.278298,,,,,,,,,
2023-05-14 01:00:00+00:00,0.375319,0.375319,,,,,,,,,
2023-05-14 02:00:00+00:00,0.461277,0.461277,,,,,,,,,
2023-05-14 03:00:00+00:00,0.719149,0.719149,,,,,,,,,
2023-05-14 04:00:00+00:00,0.794043,0.794043,,,,,,,,,
2023-05-14 05:00:00+00:00,0.789787,0.789787,,,,,,,,,
2023-05-14 06:00:00+00:00,0.753191,0.753191,,,,,,,,,
2023-05-14 07:00:00+00:00,0.677447,0.677447,,,,,,,,,
2023-05-14 08:00:00+00:00,0.603404,0.603404,,,,,,,,,
2023-05-14 09:00:00+00:00,0.568511,0.568511,,,,,,,,,
2023-05-14 10:00:00+00:00,0.522553,0.522553,,,,,,,,,
2023-05-14 11:00:00+00:00,0.489362,0.489362,,,,,,,,,
2023-05-14 12:00:00+00:00,0.451064,0.451064,,,,,,,,,
2023-05-14 13:00:00+00:00,0.440851,0.440851,,,,,,,,,
2023-05-14 14:00:00+00:00,0.471489,0.471489,,,,,,,,,
2023-05-14 15:00:00+00:00,0.460426,0.460426,,,,,,,,,
2023-05-14 16:00:00+00:00,0.491064,0.491064,,,,,,,,,
2023-05-14 17:00:00+00:00,0.481702,0.481702,,,,,,,,,
2023-05-14 18:00:00+00:00,0.517447,0.517447,,,,,,,,,
2023-05-14 19:00:00+00:00,0.561702,0.561702,,,,,,,,,
2023-05-14 20:00:00+00:00,0.645106,0.645106,,,,,,,,,
2023-05-14 21:00:00+00:00,0.676596,0.676596,,,,,,,,,
2023-05-14 22:00:00+00:00,0.524255,0.524255,,,,,,,,,
2023-05-14 23:00:00+00:00,0.537872,0.537872,,,,,,,,,
2023-06-06 00:00:00+00:00,0.0,0.0499999,0.125862,0.167241,0.189655,0.224138,0.241379,0.258621,0.289655,0.325862,0.37931
2023-06-06 01:00:00+00:00,0.206897,0.206897,0.210345,0.224138,0.224138,0.224138,0.241379,0.274138,0.293103,0.35,0.413793
2023-06-06 02:00:00+00:00,0.0,0.0,0.0,0.0,0.0,0.0,0.0499999,0.125862,0.167241,0.189655,0.224138
2023-06-06 03:00:00+00:00,0.0,0.0,0.0,0.0,0.0,0.0,0.0499999,0.125862,0.167241,0.189655,0.224138
2023-06-06 04:00:00+00:00,0.0,0.0,0.0,0.0,0.0,0.0,0.034483,0.12069,0.155172,0.184483,0.206897
2023-06-06 05:00:00+00:00,0.0,0.034483,0.12069,0.155172,0.184483,0.206897,0.224138,0.248276,0.275862,0.310345,0.37931
2023-06-06 06:00:00+00:00,0.189655,0.208621,0.241379,0.275862,0.310345,0.396552,0.396552,0.398276,0.403448,0.408621,0.413793
2023-06-06 07:00:00+00:00,0.172414,0.196552,0.224138,0.258621,0.293103,0.37931,0.389655,0.396552,0.396552,0.403448,0.413793
2023-06-06 08:00:00+00:00,0.37931,0.37931,0.37931,0.37931,0.37931,0.37931,0.389655,0.396552,0.396552,0.403448,0.413793
2023-06-06 09:00:00+00:00,0.362069,0.362069,0.362069,0.362069,0.362069,0.362069,0.368965,0.384483,0.396552,0.398276,0.413793
2023-06-06 10:00:00+00:00,0.362069,0.362069,0.363793,0.368965,0.374138,0.37931,0.384483,0.389655,0.394828,0.396552,0.396552
2023-06-06 11:00:00+00:00,0.155172,0.189655,0.206897,0.22931,0.265517,0.310345,0.327586,0.35,0.365517,0.396552,0.413793
2023-06-06 12:00:00+00:00,0.0,0.0,0.0637934,0.117242,0.137931,0.155172,0.189655,0.206897,0.241379,0.275862,0.344828
2023-06-06 13:00:00+00:00,0.362069,0.362069,0.363793,0.368965,0.374138,0.37931,0.384483,0.389655,0.394828,0.396552,0.396552
2023-06-06 14:00:00+00:00,0.362069,0.363793,0.374138,0.384483,0.394828,0.396552,0.4,0.412069,0.424138,0.441379,0.465517
2023-06-06 15:00:00+00:00,0.275862,0.287931,0.293103,0.312069,0.332759,0.362069,0.368965,0.384483,0.396552,0.398276,0.413793
2023-06-06 16:00:00+00:00,0.103448,0.12069,0.143103,0.155172,0.172414,0.189655,0.189655,0.206897,0.206897,0.224138,0.224138
2023-06-06 17:00:00+00:00,0.0,0.0,0.0,0.0,0.0,0.0,0.0,0.0,0.0,0.0,0.0
2023-06-06 18:00:00+00:00,0.0,0.0,0.0,0.0,0.0,0.0,0.0,0.0,0.0,0.0,0.0
2023-06-06 19:00:00+00:00,0.0,0.0,0.0,0.0,0.0,0.0,0.0,0.0,0.0,0.0,0.0
2023-06-06 20:00:00+00:00,0.0,0.0,0.0,0.0,0.0,0.0,0.0,0.0637934,0.117242,0.137931,0.155172
2023-06-06 21:00:00+00:00,0.0,0.0103446,0.0810347,0.12069,0.155172,0.172414,0.189655,0.206897,0.224138,0.241379,0.258621
2023-06-06 22:00:00+00:00,0.0,0.0,0.0,0.0,0.0,0.0,0.103448,0.160345,0.206897,0.258621,0.344828
2023-06-06 23:00:00+00:00,0.172414,0.189655,0.206897,0.224138,0.241379,0.258621,0.275862,0.275862,0.293103,0.315517,0.344828
2023-06-07 00:00:00+00:00,0.0129307,0.0754314,0.0965516,0.103448,0.155172,0.206897,0.258621,0.307328,0.386207,0.4,0.431034
2023-06-07 01:00:00+00:00,0.025862,0.0999998,0.122414,0.155172,0.189655,0.258621,0.327586,0.384914,0.432758,0.440517,0.448276
2023-06-07 02:00:00+00:00,0.0,0.0,0.155172,0.241379,0.275862,0.293103,0.293103,0.310345,0.333621,0.382327,0.431034
2023-06-07 03:00:00+00:00,0.0,0.0,0.103448,0.172414,0.189655,0.206897,0.224138,0.258621,0.310345,0.327586,0.344828
2023-06-07 04:00:00+00:00,0.0,0.0,0.0017241,0.0758624,0.172414,0.241379,0.293103,0.303879,0.32069,0.371552,0.448276
2023-06-07 05:00:00+00:00,0.0521551,0.00474138,0.0,0.0,0.0,0.141379,0.27069,0.290517,0.309483,0.343966,0.390517
2023-06-07 06:00:00+00:00,0.384052,0.3625,0.325431,0.294396,0.275,0.340517,0.411638,0.413793,0.418103,0.44181,0.480603
2023-06-07 07:00:00+00:00,0.155172,0.124138,0.0581895,0.0116379,0.0,0.15,0.283621,0.327155,0.376293,0.402155,0.409914
2023-06-07 08:00:00+00:00,0.27931,0.244827,0.241379,0.238793,0.232327,0.303879,0.37931,0.37931,0.381034,0.390517,0.406034
2023-06-07 09:00:00+00:00,0.274569,0.244396,0.241379,0.238793,0.232327,0.303879,0.37931,0.37931,0.381034,0.390517,0.406034
2023-06-07 10:00:00+00:00,0.362069,0.334483,0.275862,0.231897,0.215086,0.30388,0.394397,0.396552,0.400862,0.424569,0.463362
2023-06-07 11:00:00+00:00,0.247845,0.226293,0.224138,0.211207,0.178879,0.272845,0.382758,0.393965,0.412069,0.44181,0.480603
2023-06-07 12:00:00+00:00,0.037931,0.00344828,0.0,0.0,0.0,0.129311,0.243535,0.258621,0.267242,0.314655,0.392241
2023-06-07 13:00:00+00:00,0.349569,0.338362,0.323276,0.307759,0.292241,0.350862,0.404742,0.440517,0.484483,0.51681,0.540086
2023-06-07 14:00:00+00:00,0.349569,0.334914,0.3125,0.296982,0.293103,0.35862,0.41681,0.435776,0.464224,0.515948,0.585776
2023-06-07 15:00:00+00:00,0.263362,0.259052,0.258621,0.250862,0.231466,0.296121,0.367241,0.384052,0.405603,0.419396,0.427155
2023-06-07 16:00:00+00:00,0.177155,0.169397,0.161638,0.156465,0.155172,0.193103,0.225431,0.238793,0.253449,0.264224,0.271983
2023-06-07 17:00:00+00:00,0.0,0.0,0.0,0.0,0.0,0.0448278,0.0706901,0.112931,0.156897,0.189224,0.2125
2023-06-07 18:00:00+00:00,0.0,0.0,0.0,0.0,0.0,0.0586206,0.0974136,0.132759,0.162931,0.189224,0.2125
2023-06-07 19:00:00+00:00,0.0,0.0,0.0,0.0,0.0,0.0137931,0.0137931,0.0586207,0.114655,0.143534,0.151293
2023-06-07 20:00:00+00:00,0.0,0.0,0.0,0.0,0.0,0.0741379,0.125862,0.159914,0.184052,0.212069,0.243104
2023-06-07 21:00:00+00:00,0.117672,0.0943963,0.0711205,0.0530172,0.0426725,0.126293,0.206035,0.221552,0.236207,0.246983,0.254742
2023-06-07 22:00:00+00:00,0.0,0.0,0.0,0.0,0.0,0.0655174,0.0978452,0.200862,0.328448,0.401724,0.432759
2023-06-07 23:00:00+00:00,0.272845,0.221983,0.140087,0.0806038,0.0599139,0.200431,0.342673,0.344828,0.347414,0.361638,0.384914
2023-06-08 00:00:00+00:00,0.0331898,0.00301725,0.0,0.0,0.0,0.106897,0.20388,0.221552,0.247414,0.319827,0.428448
2023-06-08 01:00:00+00:00,0.31681,0.295258,0.293103,0.282758,0.256896,0.337931,0.432758,0.438362,0.446121,0.453879,0.461638
2023-06-08 02:00:00+00:00,0.0,0.0,0.0,0.0,0.0,0.125862,0.244396,0.263362,0.285775,0.30431,0.319827
2023-06-08 03:00:00+00:00,0.0,0.0,0.0,0.0,0.0,0.124138,0.240517,0.256034,0.273276,0.298276,0.329311
2023-06-08 04:00:00+00:00,0.0,0.0,0.0,0.0,0.0,0.122414,0.236638,0.248707,0.259052,0.281035,0.312069
2023-06-08 05:00:00+00:00,0.0,0.0,0.155172,0.241379,0.291379,0.310345,0.327586,0.335776,0.355173,0.384483,0.413793
2023-06-08 06:00:00+00:00,0.155172,0.224138,0.260345,0.293103,0.327586,0.37069,0.396552,0.396552,0.396552,0.411638,0.431034
2023-06-08 07:00:00+00:00,0.241379,0.275862,0.301724,0.362069,0.387069,0.396552,0.396552,0.415948,0.432758,0.440517,0.448276
2023-06-08 08:00:00+00:00,0.189655,0.206897,0.224138,0.258621,0.293103,0.327586,0.362069,0.370258,0.386207,0.4,0.431034
2023-06-08 09:00:00+00:00,0.293103,0.357759,0.363793,0.375431,0.37931,0.37931,0.384483,0.396121,0.396552,0.411638,0.431034
2023-06-08 10:00:00+00:00,0.310345,0.361207,0.363793,0.375431,0.37931,0.37931,0.37931,0.37931,0.387069,0.404742,0.448276
2023-06-08 11:00:00+00:00,0.327586,0.362069,0.363793,0.375431,0.37931,0.37931,0.389655,0.396552,0.413793,0.413793,0.413793
2023-06-08 12:00:00+00:00,0.362069,0.376724,0.389655,0.396552,0.396552,0.396552,0.396552,0.404741,0.420689,0.472414,0.534483
2023-06-08 13:00:00+00:00,0.362069,0.362069,0.363793,0.375431,0.387069,0.396552,0.396552,0.415948,0.441762,0.490038,0.586207
2023-06-08 14:00:00+00:00,0.37931,0.37931,0.396552,0.406035,0.418965,0.426724,0.441379,0.464655,0.486207,0.501724,0.517241
2023-06-08 15:00:00+00:00,0.293103,0.365086,0.389655,0.396552,0.396552,0.407328,0.417241,0.425,0.434482,0.45,0.465517
2023-06-08 16:00:00+00:00,0.323276,0.362069,0.363793,0.375431,0.394828,0.400862,0.413793,0.413793,0.415517,0.423276,0.431034
2023-06-08 17:00:00+00:00,0.12069,0.137931,0.137931,0.137931,0.137931,0.155172,0.189655,0.275862,0.453448,0.476724,0.5
2023-06-08 18:00:00+00:00,0.068966,0.137931,0.143103,0.155172,0.189655,0.224138,0.274138,0.293103,0.337931,0.396552,0.517241
2023-06-08 19:00:00+00:00,0.0129307,0.0754314,0.12069,0.155172,0.206897,0.282327,0.405172,0.456896,0.518965,0.526724,0.534483
2023-06-08 20:00:00+00:00,0.025862,0.0999998,0.103448,0.103448,0.12069,0.133621,0.172414,0.25819,0.391571,0.429501,0.586207
2023-06-08 21:00:00+00:00,0.228448,0.286638,0.310345,0.32931,0.352586,0.362069,0.362069,0.370258,0.384483,0.396552,0.413793
2023-06-08 22:00:00+00:00,0.0,0.0,0.137931,0.218966,0.241379,0.241379,0.243103,0.258621,0.275862,0.310345,0.362069
2023-06-08 23:00:00+00:00,0.068966,0.137931,0.189655,0.241379,0.258621,0.258621,0.275862,0.310345,0.362069,0.396121,0.413793
2023-06-09 00:00:00+00:00,0.0129307,0.0754314,0.172414,0.224138,0.271552,0.278017,0.296551,0.325862,0.359483,0.396552,0.482759
2023-06-09 01:00:00+00:00,0.0905173,0.155172,0.210345,0.293103,0.362069,0.372845,0.393104,0.406897,0.434482,0.45,0.465517
2023-06-09 02:00:00+00:00,0.155172,0.224138,0.275862,0.31681,0.352586,0.362069,0.363793,0.387069,0.396552,0.411638,0.431034
2023-06-09 03:00:00+00:00,0.0,0.0,0.0017241,0.0758624,0.160345,0.224138,0.293103,0.354742,0.415517,0.423276,0.431034
2023-06-09 04:00:00+00:00,0.0,0.0,0.155172,0.241379,0.293103,0.362069,0.396552,0.396552,0.396552,0.416379,0.448276
2023-06-11 05:00:00+00:00,0.189655,0.206897,0.206897,0.206897,0.206897,0.206897,0.206897,0.224138,0.241379,0.293103,0.37069
2023-06-11 06:00:00+00:00,0.155172,0.172414,0.172414,0.189655,0.189655,0.206897,0.224138,0.241379,0.258621,0.275862,0.310345
2023-06-11 07:00:00+00:00,0.172414,0.172414,0.189655,0.189655,0.206897,0.226293,0.258621,0.275862,0.293103,0.310345,0.310345
2023-06-11 08:00:00+00:00,0.206897,0.206897,0.224138,0.224138,0.241379,0.241379,0.258621,0.258621,0.275862,0.275862,0.293103
2023-06-11 09:00:00+00:00,0.155172,0.206897,0.224138,0.241379,0.241379,0.258621,0.258621,0.258621,0.275862,0.293103,0.310345
2023-06-11 10:00:00+00:00,0.12069,0.137931,0.172414,0.206897,0.224138,0.224138,0.241379,0.241379,0.258621,0.275862,0.327586
2023-06-11 11:00:00+00:00,0.155172,0.189655,0.189655,0.189655,0.189655,0.189655,0.189655,0.206897,0.206897,0.206897,0.206897
2023-06-11 12:00:00+00:00,0.172414,0.172414,0.172414,0.189655,0.189655,0.189655,0.206897,0.224138,0.258621,0.275862,0.310345
2023-06-11 13:00:00+00:00,0.137931,0.155172,0.155172,0.155172,0.155172,0.172414,0.172414,0.172414,0.189655,0.258621,0.396552
2023-06-11 14:00:00+00:00,0.051724,0.12069,0.137931,0.137931,0.137931,0.155172,0.172414,0.224138,0.275862,0.327586,0.448276
2023-06-11 15:00:00+00:00,0.017241,0.017241,0.103448,0.137931,0.172414,0.206897,0.224138,0.241379,0.275862,0.293103,0.362069
2023-06-11 16:00:00+00:00,0.0,0.0,0.068966,0.103448,0.12069,0.12069,0.155172,0.206897,0.275862,0.293103,0.310345
2023-06-11 17:00:00+00:00,0.068966,0.086207,0.103448,0.12069,0.12069,0.133621,0.155172,0.189655,0.224138,0.275862,0.448276
2023-06-11 18:00:00+00:00,-0.396552,-0.396552,-0.017241,0.017241,0.103448,0.12069,0.137931,0.155172,0.172414,0.258621,0.448276
2023-06-11 19:00:00+00:00,0.0646555,0.103448,0.103448,0.12069,0.137931,0.155172,0.174775,0.224138,0.275862,0.327586,0.396552
2023-06-11 20:00:00+00:00,0.103448,0.137931,0.155172,0.155172,0.172414,0.189655,0.224138,0.241379,0.293103,0.362069,0.517241
2023-06-11 21:00:00+00:00,0.0,0.0,0.068966,0.12069,0.172414,0.224138,0.275862,0.327586,0.396552,0.431034,0.482759
2023-06-11 22:00:00+00:00,0.12069,0.155172,0.155172,0.172414,0.189655,0.206897,0.224138,0.293103,0.413793,0.413793,0.431034
2023-06-11 23:00:00+00:00,0.137931,0.155172,0.155172,0.155172,0.172414,0.189655,0.206897,0.224138,0.258621,0.293103,0.396552
2023-06-12 00:00:00+00:00,0.086207,0.12069,0.12069,0.12069,0.155172,0.172414,0.189655,0.206897,0.241379,0.293103,0.37069
2023-06-12 01:00:00+00:00,0.0,0.0,0.051724,0.103448,0.12069,0.155172,0.155172,0.172414,0.172414,0.189655,0.206897
2023-06-12 02:00:00+00:00,0.086207,0.12069,0.137931,0.155172,0.180087,0.189655,0.206897,0.224138,0.241379,0.241379,0.241379
2023-06-12 03:00:00+00:00,0.172414,0.172414,0.189655,0.206897,0.241379,0.293103,0.362069,0.362069,0.37931,0.432327,0.825893
2023-06-12 04:00:00+00:00,0.137931,0.172414,0.172414,0.189655,0.189655,0.189655,0.224138,0.275862,0.344828,0.362069,0.37069
2023-06-15 05:00:00+00:00,0.224138,0.224138,0.224138,0.241379,0.224138,0.258621,0.241379,0.310345,0.275862,0.37931,0.413793
2023-06-15 06:00:00+00:00,0.189655,0.189655,0.189655,0.206897,0.189655,0.224138,0.206897,0.241379,0.224138,0.258621,0.241379
2023-06-15 07:00:00+00:00,0.189655,0.189655,0.206897,0.224138,0.206897,0.241379,0.224138,0.275862,0.241379,0.344828,0.396552
2023-06-15 08:00:00+00:00,0.172414,0.172414,0.189655,0.212931,0.189655,0.241379,0.224138,0.258621,0.258621,0.310345,0.37931
2023-06-15 09:00:00+00:00,0.155172,0.155172,0.172414,0.206897,0.172414,0.206897,0.206897,0.258621,0.224138,0.327586,0.396552
2023-06-15 10:00:00+00:00,0.183248,0.206897,0.206897,0.206897,0.206897,0.206897,0.206897,0.224138,0.224138,0.293103,0.37931
2023-06-15 11:00:00+00:00,0.155172,0.155172,0.172414,0.189655,0.172414,0.206897,0.189655,0.206897,0.206897,0.224138,0.206897
2023-06-15 12:00:00+00:00,0.241379,0.241379,0.258621,0.258621,0.241379,0.275862,0.258621,0.310345,0.293103,0.396552,0.344828
2023-06-15 13:00:00+00:00,0.224138,0.224138,0.241379,0.258621,0.241379,0.327586,0.275862,0.37931,0.396552,0.396552,0.413793
2023-06-15 14:00:00+00:00,0.193965,0.206897,0.224138,0.224138,0.206897,0.241379,0.241379,0.258621,0.241379,0.275862,0.293103
2023-06-15 15:00:00+00:00,0.12069,0.12069,0.12069,0.137931,0.12069,0.172414,0.137931,0.189655,0.189655,0.206897,0.241379
2023-06-15 16:00:00+00:00,0.0,0.0,0.0,0.0,0.034483,0.051724,0.0545649,0.12069,0.12069,0.206897,0.258621
2023-06-15 17:00:00+00:00,-0.051724,-0.034483,0.0,0.0,0.0,0.034483,0.068966,0.137931,0.155172,0.224138,0.293103
2023-06-15 18:00:00+00:00,-0.086207,-0.068966,0.0,0.0,0.0,0.0,0.0,0.12069,0.0,0.172414,0.189655
2023-06-15 19:00:00+00:00,-0.051724,-0.051724,0.0,0.0,0.0,0.0,0.034483,0.12069,0.103448,0.206897,0.275862
2023-06-15 20:00:00+00:00,-0.034483,-0.034483,0.0,0.0,0.0,0.0,0.0,0.12069,0.155172,0.224138,0.310345
2023-06-15 21:00:00+00:00,0.0,0.0,0.0,0.0,0.0,0.0,0.051724,0.172414,0.103448,0.206897,0.224138
2023-06-15 22:00:00+00:00,0.103448,0.137931,0.155172,0.155172,0.172414,0.206897,0.189655,0.224138,0.224138,0.241379,0.258621
2023-06-15 23:00:00+00:00,0.086207,0.086207,0.103448,0.103448,0.103448,0.103448,0.12069,0.12069,0.155172,0.189655,0.224138
2023-06-16 00:00:00+00:00,0.206897,0.206897,0.206897,0.206897,0.206897,0.224138,0.224138,0.327586,0.282013,1.0,0.482759
2023-06-16 01:00:00+00:00,0.241379,0.258621,0.275862,0.293103,0.293103,0.293103,0.293103,0.310345,0.327586,0.577466,0.362069
2023-06-16 02:00:00+00:00,0.275862,0.275862,0.275862,0.293103,0.293103,0.310345,0.327586,0.327586,0.327586,1.0,0.362069
2023-06-16 03:00:00+00:00,0.258621,0.258621,0.275862,0.293103,0.293103,0.310345,0.310345,0.327586,0.327586,0.534483,0.362069
2023-06-16 04:00:00+00:00,0.224138,0.241379,0.241379,0.275862,0.275862,0.275862,0.275862,0.293103,0.293103,0.362069,0.344828
2023-06-17 05:00:00+00:00,0.241379,0.258621,0.258621,0.275862,0.280344,0.293103,0.310345,0.327586,0.337069,0.37931,0.431034
2023-06-17 06:00:00+00:00,0.206897,0.241379,0.241379,0.241379,0.241379,0.258621,0.258621,0.275862,0.258621,0.293103,0.310345
2023-06-17 07:00:00+00:00,0.224138,0.224138,0.241379,0.258621,0.258621,0.258621,0.258621,0.275862,0.275862,0.327586,0.413793
2023-06-17 08:00:00+00:00,0.206897,0.206897,0.224138,0.258621,0.258621,0.258621,0.275862,0.275862,0.275862,0.327586,0.413793
2023-06-17 09:00:00+00:00,0.172414,0.189655,0.206897,0.224138,0.224138,0.224138,0.228752,0.241379,0.275862,0.310345,0.413793
2023-06-17 10:00:00+00:00,0.172414,0.189655,0.206897,0.224138,0.224138,0.240285,0.241379,0.256877,0.275862,0.327586,0.431034
2023-06-17 11:00:00+00:00,0.155172,0.206897,0.206897,0.206897,0.206897,0.224138,0.224138,0.241379,0.241379,0.275862,0.310345
2023-06-17 12:00:00+00:00,0.262931,0.275862,0.275862,0.293103,0.293103,0.310345,0.327586,0.342857,0.362069,0.396552,0.482759
2023-06-17 13:00:00+00:00,0.241379,0.293103,0.293103,0.293103,0.310345,0.344828,0.37931,0.413793,0.448276,0.5,0.534483
2023-06-17 14:00:00+00:00,0.224138,0.224138,0.241379,0.241379,0.241379,0.241379,0.258621,0.293103,0.344828,0.396552,0.5
2023-06-17 15:00:00+00:00,0.148441,0.172414,0.198276,0.224138,0.241379,0.241379,0.258621,0.275862,0.258621,0.37931,0.482759
2023-06-17 16:00:00+00:00,0.0,0.068966,0.103448,0.12069,0.137931,0.155172,0.172414,0.172414,0.172414,0.241379,0.310345
2023-06-17 17:00:00+00:00,0.0,0.0,0.051724,0.12069,0.12069,0.12069,0.137931,0.189655,0.137931,0.275862,0.344828
2023-06-17 18:00:00+00:00,0.0,0.0,0.0,0.0,0.051724,0.051724,0.103448,0.12069,0.12069,0.206897,0.275862
2023-06-17 19:00:00+00:00,0.0,0.0,0.0,0.0,0.034483,0.051724,0.068966,0.086207,0.12069,0.189655,0.275862
2023-06-17 20:00:00+00:00,0.0,0.0,0.0,0.0,0.12069,0.189655,0.241379,0.275862,0.327586,0.344828,0.362069
2023-06-17 21:00:00+00:00,0.0,0.017241,0.034483,0.034483,0.034483,0.051724,0.104195,0.155172,0.189655,0.206897,0.224138
2023-06-17 22:00:00+00:00,0.137931,0.137931,0.137931,0.155172,0.155172,0.155172,0.172414,0.189655,0.224138,0.275862,0.396552
2023-06-17 23:00:00+00:00,0.103448,0.137931,0.137931,0.137931,0.155172,0.155172,0.172414,0.189655,0.189655,0.241379,0.293103
2023-06-18 00:00:00+00:00,0.206897,0.224138,0.224138,0.258621,0.258621,0.275862,0.293103,0.327586,0.362069,0.37931,0.413793
2023-06-18 01:00:00+00:00,0.224138,0.293103,0.310345,0.327586,0.327586,0.344828,0.344828,0.362069,0.344828,0.37931,0.37931
2023-06-18 02:00:00+00:00,0.241379,0.293103,0.310345,0.327586,0.327586,0.344828,0.344828,0.362069,0.344828,0.37931,0.37931
2023-06-18 03:00:00+00:00,0.258621,0.275862,0.293103,0.310345,0.327586,0.344828,0.344828,0.362069,0.344828,0.37931,0.37931
2023-06-18 04:00:00+00:00,0.224138,0.258621,0.275862,0.293103,0.293103,0.293103,0.293103,0.327586,0.293103,0.362069,0.362069
2023-06-18 05:00:00+00:00,0.258621,0.258621,0.258621,0.275862,0.275862,0.275862,0.310345,0.327586,0.327586,0.37931,0.413793
2023-06-18 06:00:00+00:00,0.224138,0.241379,0.241379,0.288309,0.258621,0.275862,0.293103,0.310345,0.310345,0.344828,0.37931
2023-06-18 07:00:00+00:00,0.224138,0.224138,0.224138,0.258621,0.241379,0.275862,0.293103,0.310345,0.344828,0.344828,0.362069
2023-06-18 08:00:00+00:00,0.206897,0.206897,0.224138,0.241379,0.241379,0.258621,0.293103,0.327586,0.37931,0.37931,0.396552
2023-06-18 09:00:00+00:00,0.189655,0.206897,0.206897,0.224138,0.224138,0.258621,0.275862,0.293103,0.327586,0.344828,0.37931
2023-06-18 10:00:00+00:00,0.189655,0.206897,0.206897,0.224138,0.224138,0.258621,0.293103,0.327586,0.37931,0.396552,0.396552
2023-06-18 11:00:00+00:00,0.155172,0.155172,0.172414,0.224138,0.206897,0.224138,0.258621,0.275862,0.310345,0.310345,0.327586
2023-06-18 12:00:00+00:00,0.262931,0.275862,0.293103,0.310345,0.32063,0.327586,0.362069,0.37931,0.431034,0.553527,1.0
2023-06-18 13:00:00+00:00,0.275862,0.275862,0.275862,0.327586,0.310345,0.327586,0.362069,0.418965,0.525432,0.585439,1.0
2023-06-18 14:00:00+00:00,0.241379,0.241379,0.258621,0.275862,0.275862,0.275862,0.293103,0.310345,0.327586,0.37931,0.5
2023-06-18 15:00:00+00:00,0.172414,0.189655,0.206897,0.224138,0.206897,0.224138,0.258621,0.275862,0.275862,0.327586,0.413793
2023-06-18 16:00:00+00:00,0.051724,0.068966,0.103448,0.155172,0.137931,0.155172,0.189655,0.206897,0.241379,0.206897,0.241379
2023-06-18 17:00:00+00:00,0.0,0.0,0.0,0.034483,0.034483,0.034483,0.12069,0.12069,0.155172,0.172414,0.224138
2023-06-18 18:00:00+00:00,0.0,0.0,0.0,0.0,0.0,0.0,0.103448,0.12069,0.12069,0.137931,0.154088
2023-06-18 19:00:00+00:00,-0.017241,0.0,0.0,0.017241,0.051724,0.103448,0.137931,0.172414,0.206897,0.206897,0.206897
2023-06-18 20:00:00+00:00,0.0,0.0,0.0,0.034483,0.12069,0.137931,0.172414,0.206897,0.241379,0.258621,0.275862
2023-06-18 21:00:00+00:00,0.051724,0.034483,0.051724,0.155172,0.12069,0.137931,0.224138,0.258621,0.275862,0.275862,0.362069
2023-06-18 22:00:00+00:00,0.172414,0.189655,0.189655,0.241379,0.206897,0.241379,0.369991,0.396552,0.413793,0.413793,0.413793
2023-06-18 23:00:00+00:00,0.137931,0.137931,0.137931,0.206897,0.206897,0.206897,0.275862,0.293103,0.293103,0.316413,0.344828
2023-06-19 00:00:00+00:00,0.241379,0.224138,0.241379,0.275862,0.344828,0.310345,0.344828,0.390199,0.448276,0.465517,0.482759
2023-06-19 01:00:00+00:00,0.275862,0.258621,0.258621,0.275862,0.293103,0.293103,0.293103,0.310345,0.344828,0.551724,1.0
2023-06-19 02:00:00+00:00,0.262931,0.258621,0.258621,0.293103,0.310345,0.293103,0.310345,0.327586,0.327586,0.429157,0.327586
2023-06-19 03:00:00+00:00,0.258621,0.241379,0.258621,0.275862,0.275862,0.275862,0.293103,0.310345,0.327586,0.362069,0.327586
2023-06-19 04:00:00+00:00,0.224138,0.206897,0.224138,0.258621,0.258621,0.258621,0.274199,0.275862,0.293103,0.275862,0.310345
2023-06-20 05:00:00+00:00,0.224138,0.241379,0.224138,0.241379,0.258621,0.275862,0.258621,0.310345,0.327586,0.37931,0.5
2023-06-20 06:00:00+00:00,0.206897,0.224138,0.206897,0.224138,0.241379,0.258621,0.241379,0.293103,0.325862,0.37931,0.482759
2023-06-20 07:00:00+00:00,0.206897,0.224138,0.206897,0.224138,0.241379,0.258621,0.241379,0.275862,0.285647,0.344828,0.482759
2023-06-20 08:00:00+00:00,0.189655,0.206897,0.189655,0.241379,0.241379,0.241379,0.24754,0.258621,0.291985,0.362069,0.517241
2023-06-20 09:00:00+00:00,0.172414,0.189655,0.172414,0.206897,0.224138,0.224138,0.224138,0.258621,0.275862,0.336207,0.517241
2023-06-20 10:00:00+00:00,0.189655,0.206897,0.189655,0.224138,0.224138,0.224138,0.224138,0.241379,0.275862,0.327586,0.465517
2023-06-20 11:00:00+00:00,0.172414,0.172414,0.172414,0.189655,0.189655,0.206897,0.189655,0.206897,0.210834,0.241379,0.275862
2023-06-20 12:00:00+00:00,0.224138,0.241379,0.241379,0.241379,0.258621,0.258621,0.258621,0.275862,0.293103,0.362069,0.534483
2023-06-20 13:00:00+00:00,0.189655,0.224138,0.241379,0.258621,0.275862,0.275862,0.310345,0.344828,0.396552,0.448276,0.672414
2023-06-20 14:00:00+00:00,0.155172,0.155172,0.220263,0.206897,0.224138,0.241379,0.241379,0.258621,0.275862,0.327586,0.431034
2023-06-20 15:00:00+00:00,0.051724,0.068966,0.137931,0.103448,0.137931,0.189655,0.206897,0.224138,0.241379,0.258621,0.275862
2023-06-20 16:00:00+00:00,0.0,0.0,0.0,0.0,0.0,0.0,0.034483,0.068966,0.12069,0.155172,0.189655
2023-06-20 17:00:00+00:00,-0.051724,-0.034483,0.0,0.0,0.0,0.0,0.017241,0.051724,0.103448,0.137931,0.155172
2023-06-20 18:00:00+00:00,0.0,0.0,0.0,0.0,0.0,0.0,0.068966,0.103448,0.12069,0.155172,0.189655
2023-06-20 19:00:00+00:00,-0.017241,0.0,0.0,0.0,0.0,0.0,0.034483,0.068966,0.103448,0.155172,0.189655
2023-06-20 20:00:00+00:00,0.0,0.0,0.0,0.0,0.034483,0.051724,0.068966,0.086207,0.12069,0.189655,0.275862
2023-06-20 21:00:00+00:00,0.0,0.0,0.0,0.017241,0.086207,0.12069,0.137931,0.155172,0.172414,0.172414,0.172414
2023-06-20 22:00:00+00:00,0.034483,0.0633395,0.086207,0.103448,0.12069,0.137931,0.155172,0.206897,0.246703,0.275862,0.310345
2023-06-20 23:00:00+00:00,0.086207,0.086207,0.086207,0.086207,0.086207,0.103448,0.103448,0.12069,0.12069,0.155172,0.189655
2023-06-21 00:00:00+00:00,0.206897,0.206897,0.206897,0.206897,0.206897,0.224138,0.224138,0.224138,0.241379,0.310345,0.517241
2023-06-21 01:00:00+00:00,0.258621,0.258621,0.258621,0.293103,0.293103,0.310345,0.293103,0.327586,0.344828,0.448276,1.0
2023-06-21 02:00:00+00:00,0.258621,0.258621,0.275862,0.275862,0.286207,0.293103,0.275862,0.327586,0.327586,0.327586,0.327586
2023-06-21 03:00:00+00:00,0.241379,0.241379,0.258621,0.258621,0.275862,0.293103,0.275862,0.310345,0.310345,0.316379,0.327586
2023-06-21 04:00:00+00:00,0.206897,0.206897,0.224138,0.224138,0.241379,0.258621,0.241379,0.293103,0.293103,0.293103,0.293103
2023-06-21 05:00:00+00:00,0.206897,0.206897,0.224138,0.241379,0.241379,0.258621,0.258621,0.258621,0.275862,0.344828,0.534483
2023-06-21 06:00:00+00:00,0.189655,0.189655,0.206897,0.216131,0.224138,0.224138,0.224138,0.224138,0.224138,0.229741,0.241379
2023-06-21 07:00:00+00:00,0.206897,0.206897,0.206897,0.206897,0.206897,0.224138,0.224138,0.224138,0.241379,0.310345,0.551724
2023-06-21 08:00:00+00:00,0.189655,0.189655,0.189655,0.189655,0.189655,0.189655,0.189655,0.206897,0.224138,0.293103,0.534483
2023-06-21 09:00:00+00:00,0.155172,0.172414,0.172414,0.189655,0.189655,0.189655,0.189655,0.189655,0.206897,0.275862,0.517241
2023-06-21 10:00:00+00:00,0.172414,0.172414,0.172414,0.189655,0.189655,0.189655,0.189655,0.189655,0.206897,0.275862,0.482759
2023-06-21 11:00:00+00:00,0.172414,0.172414,0.172414,0.189655,0.189655,0.189655,0.189655,0.189655,0.189655,0.189655,0.189655
2023-06-21 12:00:00+00:00,0.224138,0.224138,0.224138,0.224138,0.224138,0.224138,0.224138,0.224138,0.241379,0.310345,0.5
2023-06-21 13:00:00+00:00,0.206897,0.241379,0.241379,0.241379,0.241379,0.241379,0.258621,0.293103,0.344828,0.396552,0.534483
2023-06-21 14:00:00+00:00,0.137931,0.172414,0.172414,0.172414,0.172414,0.189655,0.206897,0.224138,0.258621,0.310345,0.465517
2023-06-21 15:00:00+00:00,0.0560345,0.068966,0.068966,0.086207,0.103448,0.12069,0.155172,0.189655,0.241379,0.275862,0.327586
2023-06-21 16:00:00+00:00,0.0,0.0,0.0,0.0,0.034483,0.051724,0.051724,0.051724,0.086207,0.137931,0.172414
2023-06-21 17:00:00+00:00,-0.017241,-0.017241,-0.017241,-0.017241,0.0,0.0,0.0,0.0,0.017241,0.051724,0.086207
2023-06-21 18:00:00+00:00,-0.051724,-0.051724,-0.034483,-0.017241,0.0,0.0,0.0,0.0,0.0,0.086207,0.137931
2023-06-21 19:00:00+00:00,-0.051724,-0.034483,0.0,0.0,0.0,0.0,0.0,0.0,0.103448,0.155172,0.189655
2023-06-21 20:00:00+00:00,0.0,0.068966,0.12069,0.155172,0.172414,0.189655,0.206897,0.250703,0.293103,0.344828,0.396552
2023-06-21 21:00:00+00:00,0.034483,0.051724,0.051724,0.068966,0.103448,0.12069,0.155172,0.172414,0.189655,0.241379,0.293103
2023-06-21 22:00:00+00:00,0.137931,0.155172,0.155172,0.172414,0.172414,0.189655,0.206897,0.241379,0.275862,0.344828,0.448276
2023-06-21 23:00:00+00:00,0.100203,0.12069,0.137931,0.137931,0.137931,0.155172,0.155172,0.172414,0.172414,0.206897,0.224138
2023-06-22 00:00:00+00:00,0.206897,0.224138,0.224138,0.241379,0.258621,0.293103,0.327586,0.396552,0.556284,1.0,0.965517
2023-06-22 01:00:00+00:00,0.224138,0.224138,0.241379,0.258621,0.275862,0.293103,0.327586,0.362069,0.396552,0.657773,0.965517
2023-06-22 02:00:00+00:00,0.241379,0.241379,0.241379,0.258621,0.275862,0.275862,0.293103,0.310345,0.327586,0.37931,0.413793
2023-06-22 03:00:00+00:00,0.241379,0.241379,0.241379,0.241379,0.258621,0.293103,0.310345,0.310345,0.327586,0.37931,0.413793
2023-06-22 04:00:00+00:00,0.206897,0.224138,0.224138,0.224138,0.224138,0.224138,0.241379,0.258621,0.293103,0.327586,0.37931
2023-06-22 05:00:00+00:00,0.206897,0.206897,0.206897,0.224138,0.226724,0.241379,0.275862,0.310345,0.362069,0.413362,0.465517
2023-06-22 06:00:00+00:00,0.189655,0.189655,0.189655,0.206897,0.206897,0.224138,0.224138,0.224138,0.224138,0.275862,0.327586
2023-06-22 07:00:00+00:00,0.189655,0.206897,0.206897,0.224138,0.224138,0.224138,0.241379,0.258621,0.293965,0.362069,0.465517
2023-06-22 08:00:00+00:00,0.172414,0.189655,0.189655,0.206897,0.206897,0.206897,0.224138,0.241379,0.281034,0.344828,0.465517
2023-06-22 09:00:00+00:00,0.171715,0.172414,0.172414,0.172414,0.172414,0.189655,0.206897,0.241379,0.275862,0.344828,0.448276
2023-06-22 10:00:00+00:00,0.172414,0.172414,0.172414,0.189655,0.189655,0.206897,0.224138,0.258621,0.275862,0.344828,0.448276
2023-06-22 11:00:00+00:00,0.171715,0.172414,0.172414,0.172414,0.172414,0.189655,0.189655,0.206897,0.206897,0.258621,0.310345
2023-06-22 12:00:00+00:00,0.241379,0.258621,0.258621,0.275862,0.275862,0.275862,0.293103,0.327586,0.362069,0.396552,0.448276
2023-06-22 13:00:00+00:00,0.224138,0.241379,0.258621,0.275862,0.293103,0.310345,0.338317,0.344828,0.368965,0.413793,0.517241
2023-06-22 14:00:00+00:00,0.189655,0.224138,0.224138,0.224138,0.241379,0.241379,0.258621,0.293103,0.344828,0.396552,0.5
2023-06-22 15:00:00+00:00,0.137931,0.155172,0.172414,0.172414,0.189655,0.224138,0.241379,0.241379,0.258621,0.322196,0.517241
2023-06-22 16:00:00+00:00,0.0,0.0,0.034483,0.051724,0.103448,0.12069,0.137931,0.155172,0.172414,0.189655,0.206897
2023-06-22 17:00:00+00:00,0.0,0.0,0.0,0.0,0.068966,0.12069,0.137931,0.155172,0.155172,0.172414,0.172414
2023-06-22 18:00:00+00:00,0.0,0.0,0.0,0.0,0.0,0.017241,0.034483,0.034483,0.051724,0.12069,0.137931
2023-06-22 19:00:00+00:00,0.0,0.0,0.0,0.0,0.0,0.0,0.068966,0.086207,0.103448,0.129642,0.155172
2023-06-22 20:00:00+00:00,0.0,0.034483,0.051724,0.086207,0.103448,0.12069,0.137931,0.172414,0.206897,0.275862,0.413793
2023-06-22 21:00:00+00:00,0.12069,0.137931,0.155172,0.189655,0.189655,0.206897,0.224138,0.241379,0.285253,0.310345,0.327586
2023-06-22 22:00:00+00:00,0.137931,0.155172,0.172414,0.189655,0.206897,0.224138,0.258621,0.310876,0.413793,0.431034,0.448276
2023-06-22 23:00:00+00:00,0.155172,0.172414,0.172414,0.189655,0.206897,0.206897,0.224138,0.224138,0.224138,0.241379,0.258621
2023-06-23 00:00:00+00:00,0.258621,0.275862,0.275862,0.293103,0.293103,0.310345,0.310345,0.327586,0.344828,0.482759,1.0
2023-06-23 01:00:00+00:00,0.224138,0.224138,0.258621,0.310345,0.327586,0.327586,0.345066,0.37931,0.413793,0.431034,0.448276
2023-06-23 02:00:00+00:00,0.241379,0.241379,0.241379,0.241379,0.275862,0.310345,0.362069,0.37931,0.413793,0.413793,0.431034
2023-06-23 03:00:00+00:00,0.224138,0.241379,0.241379,0.241379,0.258621,0.310345,0.344828,0.362069,0.37931,0.413793,0.448276
2023-06-23 04:00:00+00:00,0.206897,0.206897,0.206897,0.206897,0.206897,0.224138,0.241379,0.275862,0.293103,0.344828,0.413793
2023-06-23 05:00:00+00:00,0.206897,0.206897,0.224138,0.224138,0.224138,0.241379,0.258621,0.275862,0.275862,0.310345,0.362069
2023-06-23 06:00:00+00:00,0.189655,0.189655,0.189655,0.189655,0.206897,0.224138,0.241379,0.241379,0.241379,0.275862,0.327586
2023-06-23 07:00:00+00:00,0.172414,0.172414,0.189655,0.212187,0.224138,0.224138,0.241379,0.258621,0.300862,0.37931,0.517241
2023-06-23 08:00:00+00:00,0.172414,0.189655,0.189655,0.206897,0.206897,0.206897,0.224138,0.241379,0.293103,0.362069,0.534483
2023-06-23 09:00:00+00:00,0.155172,0.172414,0.172414,0.189655,0.189655,0.206897,0.206897,0.224138,0.258621,0.317672,0.517241
2023-06-23 10:00:00+00:00,0.189655,0.19807,0.206897,0.206897,0.206897,0.206897,0.206897,0.224138,0.258621,0.327586,0.551724
2023-06-23 11:00:00+00:00,0.172414,0.172414,0.172414,0.172414,0.189655,0.189655,0.206897,0.206897,0.224138,0.241379,0.275862
2023-06-23 12:00:00+00:00,0.258621,0.258621,0.258621,0.275862,0.275862,0.275862,0.275862,0.293103,0.327586,0.396552,0.568966
2023-06-23 13:00:00+00:00,0.241379,0.241379,0.258621,0.27931,0.293103,0.310345,0.327586,0.327586,0.344828,0.413793,0.672414
2023-06-23 14:00:00+00:00,0.206897,0.224138,0.224138,0.224138,0.241379,0.241379,0.258621,0.275862,0.294827,0.364224,0.5
2023-06-23 15:00:00+00:00,0.155172,0.155172,0.155172,0.155172,0.172414,0.206897,0.241379,0.241379,0.241379,0.293103,0.362069
2023-06-23 16:00:00+00:00,0.034483,0.051724,0.068966,0.068966,0.086207,0.103448,0.12069,0.155172,0.172414,0.189655,0.189655
2023-06-23 17:00:00+00:00,0.0,0.0,0.0,0.103448,0.12069,0.12069,0.12069,0.137931,0.137931,0.155172,0.155172
2023-06-23 18:00:00+00:00,0.0,0.0,0.0,0.103448,0.12069,0.12069,0.12069,0.137931,0.155172,0.206897,0.310345
2023-06-23 19:00:00+00:00,0.0,0.0,0.017241,0.034483,0.051724,0.0675704,0.086207,0.109556,0.137931,0.206897,0.293103
2023-06-23 20:00:00+00:00,0.103448,0.103448,0.12069,0.12069,0.12069,0.137931,0.155172,0.189655,0.206897,0.241379,0.293103
2023-06-23 21:00:00+00:00,0.034483,0.051724,0.086207,0.103448,0.137931,0.172414,0.189655,0.206897,0.224138,0.258621,0.310345
2023-06-23 22:00:00+00:00,0.189655,0.206897,0.206897,0.224138,0.230172,0.241379,0.275862,0.310345,0.370233,0.416752,0.550861
2023-06-23 23:00:00+00:00,0.155172,0.172414,0.172414,0.172414,0.189655,0.206897,0.206897,0.224138,0.226724,0.293103,0.396552
2023-06-24 00:00:00+00:00,0.206897,0.224138,0.258621,0.293103,0.327586,0.344828,0.362069,0.362069,0.37931,0.413793,0.465517
2023-06-24 01:00:00+00:00,0.241379,0.241379,0.258621,0.275862,0.275862,0.275862,0.287931,0.310345,0.344828,0.348485,0.362069
2023-06-24 02:00:00+00:00,0.241379,0.258621,0.258621,0.275862,0.275862,0.275862,0.275862,0.310345,0.344828,0.385505,0.482759
2023-06-24 03:00:00+00:00,0.241379,0.241379,0.258621,0.275862,0.275862,0.275862,0.275862,0.310345,0.332516,0.37931,0.431034
2023-06-24 04:00:00+00:00,0.206897,0.206897,0.224138,0.241379,0.258621,0.258621,0.258621,0.275862,0.275862,0.293103,0.310345
2023-06-24 05:00:00+00:00,0.224138,0.241379,0.241379,0.241379,0.241379,0.258621,0.258621,0.275862,0.275862,0.343686,0.431034
2023-06-24 06:00:00+00:00,0.224138,0.224138,0.224138,0.224138,0.224138,0.224138,0.241379,0.241379,0.275862,0.327586,0.431034
2023-06-24 07:00:00+00:00,0.206897,0.206897,0.206897,0.206897,0.206897,0.224138,0.224138,0.241379,0.258621,0.310345,0.431034
2023-06-24 08:00:00+00:00,0.189655,0.189655,0.189655,0.206897,0.224138,0.224138,0.241379,0.241379,0.258621,0.293103,0.396552
2023-06-24 09:00:00+00:00,0.172414,0.189655,0.189655,0.189655,0.189655,0.206897,0.206897,0.206897,0.224138,0.275862,0.37931
2023-06-24 10:00:00+00:00,0.193965,0.206897,0.206897,0.206897,0.224138,0.224138,0.224138,0.224138,0.241379,0.293103,0.448276
2023-06-24 11:00:00+00:00,0.172414,0.172414,0.172414,0.172414,0.189655,0.206897,0.224138,0.224138,0.241379,0.241379,0.241379
2023-06-24 12:00:00+00:00,0.258621,0.258621,0.258621,0.258621,0.258621,0.275862,0.275862,0.293103,0.293103,0.310345,0.310345
2023-06-24 13:00:00+00:00,0.241379,0.241379,0.241379,0.258621,0.275862,0.275862,0.293103,0.310345,0.310345,0.344828,0.37931
2023-06-24 14:00:00+00:00,0.224138,0.224138,0.224138,0.224138,0.241379,0.241379,0.241379,0.241379,0.241379,0.258621,0.275862
2023-06-24 15:00:00+00:00,0.155172,0.155172,0.172414,0.172414,0.189655,0.206897,0.224138,0.224138,0.241379,0.241379,0.258621
2023-06-24 16:00:00+00:00,0.068966,0.103448,0.103448,0.103448,0.12069,0.137931,0.137931,0.155172,0.172414,0.206897,0.224138
2023-06-24 17:00:00+00:00,0.0,0.0120687,0.034483,0.068966,0.086207,0.103448,0.12069,0.155172,0.189655,0.206897,0.224138
2023-06-24 18:00:00+00:00,0.068966,0.086207,0.103448,0.103448,0.12069,0.12069,0.137931,0.172414,0.206897,0.206897,0.224138
2023-06-24 19:00:00+00:00,0.0,0.0153583,0.034483,0.051724,0.103448,0.12069,0.137931,0.155172,0.172414,0.224138,0.327586
2023-06-24 20:00:00+00:00,0.103448,0.103448,0.12069,0.155172,0.155172,0.172414,0.172414,0.189655,0.206897,0.258621,0.310345
2023-06-24 21:00:00+00:00,0.034483,0.103448,0.12069,0.12069,0.155172,0.189655,0.206897,0.224138,0.224138,0.258621,0.275862
2023-06-24 22:00:00+00:00,0.137931,0.137931,0.137931,0.155172,0.155172,0.172414,0.172414,0.189655,0.206897,0.275862,0.465517
2023-06-24 23:00:00+00:00,0.12069,0.137931,0.155172,0.172414,0.172414,0.172414,0.172414,0.191595,0.206897,0.224138,0.224138
2023-06-25 00:00:00+00:00,0.206897,0.224138,0.224138,0.241379,0.258621,0.293103,0.310345,0.310345,0.310345,0.344828,0.362069
2023-06-25 01:00:00+00:00,0.241379,0.258621,0.275862,0.293103,0.293103,0.310345,0.327586,0.344828,0.37931,0.37931,0.37931
2023-06-25 02:00:00+00:00,0.275862,0.293103,0.293103,0.293103,0.293103,0.310345,0.327586,0.37931,0.413793,0.465517,0.553504
2023-06-25 03:00:00+00:00,0.267242,0.275862,0.275862,0.293103,0.310345,0.327586,0.362069,0.37931,0.413793,0.448276,0.516893
2023-06-25 04:00:00+00:00,0.224138,0.241379,0.258621,0.275862,0.275862,0.275862,0.275862,0.293103,0.310345,0.344828,0.37931
2023-06-25 05:00:00+00:00,0.206897,0.224138,0.224138,0.241379,0.241379,0.258621,0.258621,0.275862,0.293103,0.310345,0.344828
2023-06-25 06:00:00+00:00,0.189655,0.206897,0.206897,0.206897,0.224138,0.224138,0.224138,0.241379,0.258621,0.293103,0.327586
2023-06-25 07:00:00+00:00,0.172414,0.189655,0.189655,0.189655,0.206897,0.217626,0.224138,0.241379,0.241379,0.275862,0.310345
2023-06-25 08:00:00+00:00,0.172414,0.189655,0.189655,0.189655,0.206897,0.224138,0.224138,0.224138,0.224138,0.258621,0.293103
2023-06-25 09:00:00+00:00,0.155172,0.155172,0.155172,0.155172,0.172414,0.189655,0.189655,0.206897,0.206897,0.224138,0.258621
2023-06-25 10:00:00+00:00,0.172414,0.172414,0.189655,0.206897,0.224138,0.224138,0.224138,0.224138,0.224138,0.241379,0.258621
2023-06-25 11:00:00+00:00,0.155172,0.172414,0.189655,0.189655,0.189655,0.206897,0.224138,0.241379,0.258621,0.275862,0.275862
2023-06-25 12:00:00+00:00,0.224138,0.241379,0.241379,0.241379,0.258621,0.275862,0.293103,0.293103,0.293103,0.310345,0.327586
2023-06-25 13:00:00+00:00,0.224138,0.258621,0.258621,0.258621,0.258621,0.258621,0.258621,0.275862,0.293103,0.293103,0.310345
2023-06-25 14:00:00+00:00,0.155172,0.206897,0.206897,0.224138,0.224138,0.224138,0.241379,0.241379,0.258621,0.275862,0.275862
2023-06-25 15:00:00+00:00,0.086207,0.137931,0.137931,0.155172,0.155172,0.172414,0.172414,0.189655,0.189655,0.206897,0.206897
2023-06-25 16:00:00+00:00,0.0,0.0,0.0,0.0,0.051724,0.103448,0.12069,0.137931,0.155172,0.172414,0.189655
2023-06-25 17:00:00+00:00,0.0,0.0,0.0,0.0,0.034483,0.068966,0.103448,0.12069,0.155172,0.180703,0.206897
2023-06-25 18:00:00+00:00,0.0,0.051724,0.068966,0.086207,0.103448,0.103448,0.137931,0.172414,0.189655,0.206897,0.206897
2023-06-25 19:00:00+00:00,0.0,0.051724,0.051724,0.068966,0.12069,0.172414,0.189655,0.189655,0.189655,0.206897,0.206897
2023-06-25 20:00:00+00:00,0.0,0.017241,0.017241,0.034483,0.034483,0.051724,0.068966,0.103448,0.12069,0.155172,0.172414
2023-06-25 21:00:00+00:00,0.0,0.0,0.0,0.034483,0.068966,0.0754314,0.12069,0.155172,0.172414,0.189655,0.206897
2023-06-25 22:00:00+00:00,0.068966,0.137931,0.137931,0.137931,0.172414,0.206897,0.241379,0.258621,0.258621,0.258621,0.275862
2023-06-25 23:00:00+00:00,0.086207,0.103448,0.137931,0.155172,0.172414,0.172414,0.189655,0.224138,0.241379,0.244827,0.258621
2023-06-26 00:00:00+00:00,0.189655,0.224138,0.240468,0.241379,0.258621,0.275862,0.293103,0.327586,0.368922,0.396552,0.431034
2023-06-26 01:00:00+00:00,0.224138,0.258621,0.275862,0.310345,0.341568,0.344828,0.362069,0.37931,0.37931,0.413793,0.448276
2023-06-26 02:00:00+00:00,0.241379,0.275862,0.293103,0.310345,0.344828,0.37931,0.396552,0.431034,0.448276,0.465517,0.482759
2023-06-26 03:00:00+00:00,0.241379,0.258621,0.275862,0.310345,0.344828,0.362069,0.386207,0.404331,0.431034,0.431034,0.431034
2023-06-26 04:00:00+00:00,0.224138,0.224138,0.241379,0.241379,0.258621,0.275862,0.310345,0.327586,0.362069,0.37931,0.396552
2023-06-26 05:00:00+00:00,0.189655,0.206897,0.206897,0.224138,0.224138,0.224138,0.275862,0.241379,0.258621,0.293103,0.327586
2023-06-26 06:00:00+00:00,0.172414,0.172414,0.189655,0.189655,0.206897,0.224138,0.258621,0.241379,0.258621,0.275862,0.310345
2023-06-26 07:00:00+00:00,0.155172,0.172414,0.172414,0.172414,0.189655,0.206897,0.241379,0.224138,0.241379,0.258621,0.275862
2023-06-26 08:00:00+00:00,0.155172,0.155172,0.172414,0.189655,0.189655,0.189655,0.258621,0.224138,0.241379,0.258621,0.275862
2023-06-26 09:00:00+00:00,0.137931,0.137931,0.137931,0.155172,0.155172,0.155172,0.224138,0.189655,0.206897,0.234434,0.258621
2023-06-26 10:00:00+00:00,0.155172,0.155172,0.172414,0.172414,0.189655,0.189655,0.224138,0.206897,0.224138,0.241379,0.275862
2023-06-26 11:00:00+00:00,0.155172,0.172414,0.172414,0.189655,0.189655,0.189655,0.224138,0.206897,0.224138,0.258621,0.310345
2023-06-26 12:00:00+00:00,0.224138,0.224138,0.224138,0.224138,0.224138,0.224138,0.241379,0.224138,0.241379,0.275862,0.344828
2023-06-26 13:00:00+00:00,0.189655,0.224138,0.241379,0.241379,0.241379,0.241379,0.258621,0.241379,0.241379,0.293103,0.362069
2023-06-26 14:00:00+00:00,0.172414,0.172414,0.172414,0.172414,0.172414,0.172414,0.206897,0.189655,0.206897,0.241379,0.327586
2023-06-26 15:00:00+00:00,0.0732763,0.086207,0.103448,0.103448,0.103448,0.12069,0.169048,0.137931,0.155172,0.206897,0.258621
2023-06-26 16:00:00+00:00,0.0,0.0,0.0,0.0,0.0,0.0,0.068966,0.034483,0.086207,0.137931,0.172414
2023-06-26 17:00:00+00:00,-0.017241,-0.017241,0.0,0.0,0.0,0.0,0.034483,0.0,0.034483,0.12069,0.137931
2023-06-26 18:00:00+00:00,-0.068966,-0.051724,-0.051724,-0.051724,0.0,0.0,0.103448,0.086207,0.155172,0.206897,0.258621
2023-06-26 19:00:00+00:00,0.0,0.0,0.0,0.0,0.0,0.0,0.068966,0.125798,0.155172,0.172414,0.189655
2023-06-26 20:00:00+00:00,-0.068966,-0.034483,-0.017241,0.0,0.0,0.0,0.034483,0.0,0.12069,0.206897,0.293103
2023-06-26 21:00:00+00:00,0.034483,0.051724,0.12069,0.137931,0.155172,0.155172,0.172414,0.224138,0.293103,0.310345,0.344828
2023-06-26 22:00:00+00:00,0.103448,0.103448,0.103448,0.103448,0.155172,0.189655,0.155172,0.258621,0.275862,0.275862,0.275862
2023-06-26 23:00:00+00:00,0.103448,0.137931,0.137931,0.155172,0.155172,0.172414,0.189655,0.189655,0.206897,0.224138,0.258621
2023-06-27 00:00:00+00:00,0.172414,0.172414,0.206897,0.224138,0.258621,0.275862,0.293103,0.310345,0.310345,0.310345,0.310345
2023-06-27 01:00:00+00:00,0.224138,0.224138,0.241379,0.275862,0.293103,0.310345,0.315331,0.344828,0.362069,0.37931,0.37931
2023-06-27 02:00:00+00:00,0.241379,0.241379,0.275862,0.310345,0.327586,0.344828,0.362069,0.37931,0.396552,0.448276,0.517241
2023-06-27 03:00:00+00:00,0.241379,0.241379,0.275862,0.310345,0.327586,0.327586,0.344828,0.331951,0.344828,0.37931,0.413793
2023-06-27 04:00:00+00:00,0.224138,0.224138,0.228373,0.241379,0.249109,0.258621,0.309273,0.275862,0.293103,0.344828,0.396552
2023-06-27 05:00:00+00:00,0.206897,0.224138,0.224138,0.224138,0.224138,0.241379,0.275862,0.293103,0.327586,0.344828,0.362069
2023-06-27 06:00:00+00:00,0.189655,0.189655,0.206897,0.224138,0.224138,0.224138,0.241379,0.275862,0.310345,0.310776,0.327586
2023-06-27 07:00:00+00:00,0.172414,0.172414,0.189655,0.224138,0.224138,0.241379,0.241379,0.275862,0.293103,0.293103,0.310345
2023-06-27 08:00:00+00:00,0.172414,0.172414,0.189655,0.206897,0.224138,0.241379,0.258621,0.258621,0.275862,0.291379,0.293103
2023-06-27 09:00:00+00:00,0.155172,0.155172,0.155172,0.172414,0.172414,0.189655,0.206897,0.224138,0.258621,0.275862,0.275862
2023-06-27 10:00:00+00:00,0.172414,0.172414,0.172414,0.172414,0.189655,0.206897,0.224138,0.224138,0.241379,0.258621,0.275862
2023-06-27 11:00:00+00:00,0.155172,0.172414,0.189655,0.206897,0.206897,0.206897,0.224138,0.224138,0.241379,0.275862,0.293103
2023-06-27 12:00:00+00:00,0.224138,0.224138,0.224138,0.224138,0.224138,0.241379,0.258621,0.275862,0.275862,0.310345,0.344828
2023-06-27 13:00:00+00:00,0.189655,0.206897,0.224138,0.241379,0.258621,0.275862,0.293103,0.327586,0.344828,0.362069,0.37931
2023-06-27 14:00:00+00:00,0.155172,0.155172,0.155172,0.172414,0.189655,0.206897,0.224138,0.241379,0.258621,0.275862,0.310345
2023-06-27 15:00:00+00:00,0.103448,0.103448,0.12069,0.155172,0.155172,0.172414,0.189655,0.206897,0.224138,0.224138,0.241379
2023-06-27 16:00:00+00:00,0.0,0.0185341,0.051724,0.068966,0.103448,0.12069,0.137931,0.137931,0.137931,0.155172,0.155172
2023-06-27 17:00:00+00:00,-0.017241,-0.017241,0.0,0.0,0.0,0.0,0.051724,0.103448,0.12069,0.137931,0.137931
2023-06-27 18:00:00+00:00,-0.051724,-0.034483,-0.0293104,-0.017241,0.0,0.0,0.0,0.0,0.0,0.0,0.034483
2023-06-27 19:00:00+00:00,-0.051724,-0.017241,-0.017241,-0.017241,0.0,0.0,0.0,0.0,0.0,0.0,0.051724
2023-06-27 20:00:00+00:00,0.0,0.0,0.0,0.0,0.0,0.0,0.051724,0.103448,0.137931,0.189655,0.258621
2023-06-27 21:00:00+00:00,0.0,0.0,0.0,0.0,0.0,0.0,0.034483,0.051724,0.12069,0.206897,0.327586
2023-06-27 22:00:00+00:00,0.103448,0.12069,0.12069,0.12069,0.137931,0.155172,0.155172,0.172414,0.189655,0.241379,0.37931
2023-06-27 23:00:00+00:00,0.12069,0.108028,0.137931,0.155172,0.155172,0.155172,0.155172,0.172414,0.172414,0.189655,0.189655
2023-06-28 00:00:00+00:00,0.258621,0.275862,0.275862,0.275862,0.278937,0.293103,0.310345,0.310345,0.327586,0.37931,0.431034
2023-06-28 01:00:00+00:00,0.224138,0.224138,0.258621,0.293103,0.310345,0.327586,0.327586,0.327586,0.344828,0.362069,0.396552
2023-06-28 02:00:00+00:00,0.258621,0.275862,0.293103,0.327586,0.344828,0.344828,0.356384,0.37931,0.385439,0.396552,0.413793
2023-06-28 03:00:00+00:00,0.258621,0.275862,0.293103,0.310345,0.327586,0.344828,0.344828,0.362069,0.37931,0.396552,0.413793
2023-06-28 04:00:00+00:00,0.241379,0.241379,0.241379,0.258621,0.258621,0.275862,0.293103,0.310345,0.310345,0.344828,0.37931
2023-06-28 05:00:00+00:00,0.241379,0.258621,0.258621,0.258621,0.275862,0.258621,0.258621,0.327586,0.344828,0.37931,0.413793
2023-06-28 06:00:00+00:00,0.206897,0.241379,0.241379,0.258621,0.275862,0.258621,0.258621,0.310345,0.327586,0.362069,0.37931
2023-06-28 07:00:00+00:00,0.206897,0.224138,0.241379,0.258621,0.275862,0.241379,0.275862,0.310345,0.327586,0.348104,0.37931
2023-06-28 08:00:00+00:00,0.189655,0.206897,0.224138,0.241379,0.258621,0.224138,0.258621,0.327586,0.344828,0.362069,0.37931
2023-06-28 09:00:00+00:00,0.189655,0.206897,0.224138,0.241379,0.258621,0.224138,0.241379,0.275862,0.293103,0.327586,0.37931
2023-06-28 10:00:00+00:00,0.189655,0.206897,0.206897,0.224138,0.231811,0.224138,0.241379,0.310345,0.344828,0.362069,0.37931
2023-06-28 11:00:00+00:00,0.172414,0.172414,0.189655,0.224138,0.224138,0.206897,0.224138,0.241379,0.241379,0.275862,0.293103
2023-06-28 12:00:00+00:00,0.224138,0.224138,0.224138,0.241379,0.258621,0.258621,0.275862,0.310345,0.329495,0.37931,0.43522
2023-06-28 13:00:00+00:00,0.206897,0.224138,0.224138,0.241379,0.258621,0.275862,0.310345,0.359483,0.413793,0.549596,1.0
2023-06-28 14:00:00+00:00,0.172414,0.172414,0.172414,0.189655,0.206897,0.206897,0.241379,0.275862,0.310345,0.344828,0.37931
2023-06-28 15:00:00+00:00,0.068966,0.068966,0.12069,0.155172,0.155172,0.155172,0.172414,0.224138,0.293103,0.327586,0.37931
2023-06-28 16:00:00+00:00,0.0,0.0,0.0,0.0,0.0,0.017241,0.068966,0.0982757,0.12069,0.172414,0.224138
2023-06-28 17:00:00+00:00,-0.017241,-0.017241,0.0,0.0,0.0,0.0,0.0,0.051724,0.137931,0.172414,0.206897
2023-06-28 18:00:00+00:00,-0.068966,-0.068966,-0.0672418,-0.051724,0.0,0.0,0.0,0.034483,0.137931,0.206897,0.310345
2023-06-28 19:00:00+00:00,-0.068966,-0.068966,0.0,0.0,0.0,0.017241,0.12069,0.172414,0.206897,0.241379,0.293103
2023-06-28 20:00:00+00:00,-0.017241,-0.017241,0.0,0.0,0.103448,0.137931,0.189655,0.224138,0.293103,0.327586,0.362069
2023-06-28 21:00:00+00:00,0.086207,0.12069,0.12069,0.137931,0.155172,0.172414,0.206897,0.206897,0.224138,0.258621,0.310345
2023-06-28 22:00:00+00:00,0.189655,0.189655,0.206897,0.224138,0.231811,0.241379,0.275862,0.310345,0.37931,0.37931,0.396552
2023-06-28 23:00:00+00:00,0.189655,0.189655,0.206897,0.206897,0.206897,0.206897,0.206897,0.224138,0.224138,0.258621,0.293103
2023-06-29 00:00:00+00:00,0.241379,0.241379,0.241379,0.258621,0.275862,0.275862,0.310345,0.362069,0.449323,1.0,1.0
2023-06-29 01:00:00+00:00,0.275862,0.275862,0.275862,0.293103,0.293103,0.293103,0.293103,0.327586,0.362069,1.0,1.0
2023-06-29 02:00:00+00:00,0.275862,0.293103,0.293103,0.310345,0.310345,0.310345,0.310345,0.317864,0.327586,0.344828,0.362069
2023-06-29 03:00:00+00:00,0.275862,0.275862,0.275862,0.293103,0.293103,0.293103,0.293103,0.310345,0.310345,0.331034,0.362069
2023-06-29 04:00:00+00:00,0.241379,0.241379,0.241379,0.258621,0.258621,0.258621,0.258621,0.275862,0.275862,0.310345,0.344828
2023-06-29 05:00:00+00:00,0.241379,0.241379,0.241379,0.258621,0.258621,0.258621,0.275862,0.293103,0.327586,0.362069,0.396552
2023-06-29 06:00:00+00:00,0.206897,0.206897,0.206897,0.224138,0.224138,0.241379,0.241379,0.275862,0.275862,0.293103,0.293103
2023-06-29 07:00:00+00:00,0.206897,0.206897,0.224138,0.241379,0.258621,0.275862,0.293103,0.293103,0.310345,0.344828,0.37931
2023-06-29 08:00:00+00:00,0.189655,0.189655,0.206897,0.224138,0.241379,0.258621,0.291821,0.310345,0.344828,0.362069,0.37931
2023-06-29 09:00:00+00:00,0.189655,0.189655,0.189655,0.206897,0.224138,0.258621,0.275862,0.275862,0.293103,0.327586,0.37931
2023-06-29 10:00:00+00:00,0.189655,0.189655,0.189655,0.206897,0.224138,0.241379,0.275862,0.293103,0.310345,0.362069,0.396552
2023-06-29 11:00:00+00:00,0.172414,0.172414,0.172414,0.189655,0.189655,0.206897,0.224138,0.258621,0.293103,0.310345,0.310345
2023-06-29 12:00:00+00:00,0.258621,0.258621,0.258621,0.258621,0.275862,0.310345,0.327586,0.344828,0.346968,0.396552,0.438724
2023-06-29 13:00:00+00:00,0.241379,0.241379,0.241379,0.258621,0.275862,0.310345,0.362069,0.37931,0.413793,1.0,1.0
2023-06-29 14:00:00+00:00,0.206897,0.224138,0.224138,0.241379,0.258621,0.275862,0.293103,0.293103,0.310345,0.327586,0.362069
2023-06-29 15:00:00+00:00,0.121311,0.137931,0.137931,0.137931,0.155172,0.172414,0.189655,0.206897,0.224138,0.241379,0.275862
2023-06-29 16:00:00+00:00,0.0431035,0.051724,0.051724,0.051724,0.086207,0.12069,0.137931,0.189655,0.224138,0.224138,0.224138
2023-06-29 17:00:00+00:00,0.0,0.0,0.0,0.0,0.034483,0.068966,0.12069,0.155172,0.189655,0.206897,0.224138
2023-06-29 18:00:00+00:00,0.0,0.0,0.0,0.0,0.051724,0.12069,0.137931,0.155172,0.155172,0.189655,0.206897
2023-06-29 19:00:00+00:00,0.0,0.0,0.0,0.103448,0.12069,0.12069,0.137931,0.137931,0.155172,0.155172,0.155172
2023-06-29 20:00:00+00:00,0.051724,0.068966,0.103448,0.12069,0.12069,0.12069,0.137931,0.155172,0.172414,0.189655,0.206897
2023-06-29 21:00:00+00:00,0.12069,0.155172,0.155172,0.155172,0.172414,0.189655,0.206897,0.206897,0.206897,0.224138,0.224138
2023-06-29 22:00:00+00:00,0.155172,0.172414,0.172414,0.189655,0.206897,0.224138,0.241379,0.246578,0.275862,0.362069,1.0
2023-06-29 23:00:00+00:00,0.103448,0.12069,0.137931,0.155172,0.155172,0.172414,0.172414,0.189655,0.206897,0.258621,0.362069
2023-06-30 00:00:00+00:00,0.206897,0.224138,0.241379,0.258621,0.275862,0.293103,0.327586,0.362069,0.410726,0.413793,0.431034
2023-06-30 01:00:00+00:00,0.258621,0.293103,0.293103,0.293103,0.293103,0.310345,0.327586,0.344828,0.362069,0.37931,0.396552
2023-06-30 02:00:00+00:00,0.293103,0.310345,0.310345,0.327586,0.327586,0.327586,0.344828,0.362069,0.396552,0.448276,1.0
2023-06-30 03:00:00+00:00,0.275862,0.293103,0.310345,0.327586,0.327586,0.327586,0.344828,0.37931,0.413793,0.5,1.0
2023-06-30 04:00:00+00:00,0.258621,0.275862,0.275862,0.293103,0.293103,0.310345,0.310345,0.327586,0.344828,0.362069,0.37931
2023-06-30 05:00:00+00:00,0.258621,0.258621,0.275862,0.293103,0.293103,0.293103,0.293103,0.310345,0.327586,0.362069,0.396552
2023-06-30 06:00:00+00:00,0.206897,0.241379,0.241379,0.241379,0.258621,0.258621,0.258621,0.275862,0.275862,0.293103,0.310345
2023-06-30 07:00:00+00:00,0.224138,0.224138,0.241379,0.241379,0.241379,0.258621,0.275862,0.293103,0.310345,0.346732,0.396552
2023-06-30 08:00:00+00:00,0.206897,0.224138,0.224138,0.241379,0.241379,0.241379,0.258621,0.293103,0.344828,0.371225,0.396552
2023-06-30 09:00:00+00:00,0.172414,0.189655,0.206897,0.224138,0.224138,0.241379,0.258621,0.275862,0.293103,0.327586,0.396552
2023-06-30 10:00:00+00:00,0.189655,0.224138,0.224138,0.224138,0.241379,0.244596,0.270682,0.293103,0.310345,0.362069,0.431034
2023-06-30 11:00:00+00:00,0.172414,0.206897,0.206897,0.206897,0.206897,0.224138,0.241379,0.241379,0.258621,0.275862,0.310345
2023-06-30 12:00:00+00:00,0.274374,0.310345,0.327586,0.344828,0.362069,0.362069,0.37931,0.431034,0.465517,0.517241,0.610981
2023-06-30 13:00:00+00:00,0.258621,0.275862,0.275862,0.293103,0.293103,0.293103,0.310345,0.37931,0.551257,1.0,1.0
2023-06-30 14:00:00+00:00,0.224138,0.224138,0.224138,0.241379,0.258621,0.275862,0.275862,0.293103,0.310345,0.327586,0.362069
2023-06-30 15:00:00+00:00,0.189655,0.189655,0.189655,0.189655,0.200257,0.206897,0.206897,0.224138,0.224138,0.241379,0.275862
2023-06-30 16:00:00+00:00,0.0301725,0.017241,0.017241,0.034483,0.051724,0.068966,0.12069,0.189655,0.224138,0.224138,0.224138
2023-06-30 17:00:00+00:00,0.0,0.0,0.0,0.0,0.034483,0.051724,0.12069,0.189655,0.224138,0.224138,0.241379
2023-06-30 18:00:00+00:00,0.017241,0.0,0.0109969,0.034483,0.051724,0.068966,0.0882741,0.12069,0.132606,0.137931,0.137931
2023-06-30 19:00:00+00:00,0.034483,0.034483,0.051724,0.086207,0.103448,0.12069,0.137931,0.172414,0.189655,0.189655,0.189655
2023-06-30 20:00:00+00:00,0.068966,0.017241,0.051724,0.0931034,0.103448,0.103448,0.137931,0.189655,0.244979,0.293103,0.396552
2023-06-30 21:00:00+00:00,0.060345,0.068966,0.068966,0.068966,0.103448,0.12069,0.172414,0.241379,0.37931,0.37931,0.37931
2023-06-30 22:00:00+00:00,0.155172,0.172414,0.188006,0.189655,0.224138,0.241379,0.275862,0.293103,0.327586,0.327586,0.327586
2023-06-30 23:00:00+00:00,0.12069,0.12069,0.155172,0.189655,0.189655,0.206897,0.206897,0.206897,0.224138,0.224138,0.241379
2023-07-01 00:00:00+00:00,0.224138,0.224138,0.224138,0.241379,0.275862,0.344828,0.413793,0.413793,0.431034,0.431034,0.448276
2023-07-01 01:00:00+00:00,0.224138,0.241379,0.275862,0.310345,0.327586,0.327586,0.344828,0.37931,0.431034,0.5,0.413793
2023-07-01 02:00:00+00:00,0.241379,0.293103,0.310345,0.327586,0.327586,0.344828,0.362069,0.448276,1.0,1.0,1.0
2023-07-01 03:00:00+00:00,0.241379,0.258621,0.293103,0.310345,0.327586,0.344828,0.362069,0.431034,0.534483,0.600618,1.0
2023-07-01 04:00:00+00:00,0.224138,0.258621,0.275862,0.275862,0.293103,0.293103,0.293103,0.310345,0.310345,0.327586,0.413793
2023-07-01 05:00:00+00:00,0.241379,0.252596,0.258621,0.258621,0.258621,0.275862,0.311207,0.316379,0.362069,0.37931,0.396552
2023-07-01 06:00:00+00:00,0.220478,0.224138,0.241379,0.258621,0.264296,0.275862,0.293103,0.310345,0.327586,0.344828,0.362069
2023-07-01 07:00:00+00:00,0.224138,0.224138,0.224138,0.241379,0.258621,0.275862,0.293103,0.310345,0.310345,0.327586,0.344828
2023-07-01 08:00:00+00:00,0.206897,0.206897,0.224138,0.241379,0.245963,0.262935,0.275862,0.310241,0.327586,0.344828,0.362069
2023-07-01 09:00:00+00:00,0.194561,0.224138,0.224138,0.241379,0.241379,0.260609,0.275862,0.275862,0.280308,0.293103,0.310345
2023-07-01 10:00:00+00:00,0.224138,0.224138,0.241379,0.247637,0.258621,0.275862,0.275862,0.293103,0.310345,0.327586,0.344828
2023-07-01 11:00:00+00:00,0.224138,0.227017,0.241379,0.275862,0.275862,0.293103,0.310345,0.310345,0.310345,0.327586,0.344828
2023-07-01 12:00:00+00:00,0.310345,0.310345,0.327586,0.362069,0.362069,0.37931,0.37931,0.396552,0.415024,0.448276,0.465517
2023-07-01 13:00:00+00:00,0.310345,0.327586,0.344828,0.362069,0.37931,0.38263,0.401208,0.431034,0.480318,0.662642,1.0
2023-07-01 14:00:00+00:00,0.241379,0.24138,0.258621,0.258621,0.275862,0.277996,0.327586,0.310345,0.327586,0.344828,0.362069
2023-07-01 15:00:00+00:00,0.185345,0.189655,0.206897,0.218811,0.224138,0.224138,0.241379,0.241379,0.241379,0.258621,0.275862
2023-07-01 16:00:00+00:00,0.103448,0.12069,0.137931,0.155172,0.172414,0.176203,0.189655,0.189655,0.189655,0.201517,0.206897
2023-07-01 17:00:00+00:00,0.086207,0.103448,0.12069,0.137931,0.137931,0.155172,0.155172,0.155172,0.155172,0.155172,0.155172
2023-07-01 18:00:00+00:00,0.0318267,0.0342216,0.0643967,0.103448,0.1046,0.12069,0.12069,0.12069,0.137931,0.137931,0.137931
2023-07-01 19:00:00+00:00,0.086207,0.086207,0.0905835,0.0874592,0.103448,0.103448,0.155172,0.155172,0.189655,0.232135,0.327586
2023-07-01 20:00:00+00:00,0.0512053,0.086207,0.137931,0.156684,0.189655,0.189655,0.258621,0.224138,0.258621,0.293103,0.396552
2023-07-01 21:00:00+00:00,0.0866882,0.103448,0.12069,0.137931,0.155172,0.172414,0.224138,0.20651,0.207282,0.258621,0.327586
2023-07-01 22:00:00+00:00,0.172414,0.189655,0.189655,0.189655,0.189655,0.206897,0.224138,0.258621,0.310345,0.327586,0.344828
2023-07-01 23:00:00+00:00,0.172414,0.189655,0.189655,0.189655,0.206897,0.221259,0.224138,0.224138,0.224138,0.224138,0.241379
2023-07-02 00:00:00+00:00,0.258621,0.258621,0.258621,0.275862,0.293103,0.310345,0.344828,0.362069,0.37931,0.431034,0.5
2023-07-02 01:00:00+00:00,0.275862,0.293103,0.300722,0.316031,0.344828,0.385951,0.413793,0.413793,0.431034,0.965517,1.0
2023-07-02 02:00:00+00:00,0.310345,0.344828,0.344828,0.35227,0.37931,0.396552,0.413793,0.431034,0.5,0.965517,1.0
2023-07-02 03:00:00+00:00,0.293103,0.327586,0.344828,0.344828,0.362069,0.413793,0.448276,0.448276,0.465517,0.605963,1.0
2023-07-02 04:00:00+00:00,0.258621,0.258621,0.275862,0.293103,0.293103,0.310345,0.37086,0.37931,0.413793,0.419827,0.431034
2023-07-02 05:00:00+00:00,0.241379,0.258621,0.258621,0.258621,0.275862,0.293103,0.310345,0.327586,0.344828,0.362069,0.37931
2023-07-02 06:00:00+00:00,0.241379,0.241379,0.241379,0.241379,0.258621,0.275862,0.293103,0.310345,0.327586,0.341811,0.344828
2023-07-02 07:00:00+00:00,0.224138,0.224138,0.224138,0.241379,0.258621,0.269435,0.275862,0.293103,0.310345,0.314731,0.327586
2023-07-02 08:00:00+00:00,0.206897,0.206897,0.224138,0.241379,0.241379,0.258621,0.258621,0.275862,0.293103,0.310345,0.327586
2023-07-02 09:00:00+00:00,0.206897,0.206897,0.224138,0.241379,0.241379,0.258621,0.258621,0.275862,0.275862,0.293103,0.310345
2023-07-02 10:00:00+00:00,0.224138,0.224138,0.224138,0.230165,0.241379,0.257327,0.258621,0.275862,0.275862,0.284195,0.293103
2023-07-02 11:00:00+00:00,0.224138,0.224138,0.231507,0.241379,0.241379,0.241379,0.258621,0.293103,0.327586,0.327586,0.327586
2023-07-02 12:00:00+00:00,0.275862,0.275862,0.293103,0.307699,0.310345,0.327586,0.344828,0.344828,0.362069,0.37931,0.37931
2023-07-02 13:00:00+00:00,0.258621,0.275862,0.275862,0.293103,0.293103,0.293103,0.310345,0.344828,0.37931,0.37931,0.37931
2023-07-02 14:00:00+00:00,0.189655,0.195712,0.206897,0.224138,0.241379,0.293103,0.344828,0.344828,0.362069,0.413793,1.0
2023-07-02 15:00:00+00:00,0.155172,0.155172,0.155172,0.155172,0.189655,0.224138,0.271269,0.293103,0.327586,0.396552,0.965517
2023-07-02 16:00:00+00:00,0.0,0.017241,0.034483,0.0689656,0.086207,0.103448,0.12069,0.12069,0.120761,0.155172,0.189655
2023-07-02 17:00:00+00:00,0.0,0.0,0.0,0.017241,0.068966,0.103448,0.12069,0.12069,0.12069,0.137931,0.155172
2023-07-02 18:00:00+00:00,0.0,0.0,0.0,0.0,0.017241,0.051724,0.12069,0.172414,0.206897,0.257844,0.327586
2023-07-02 19:00:00+00:00,0.0,0.0,0.0,0.103448,0.12069,0.12069,0.155172,0.224138,0.293103,0.326544,0.362069
2023-07-02 20:00:00+00:00,0.051724,0.155172,0.172414,0.189655,0.206897,0.213149,0.224138,0.241379,0.242058,0.258621,0.258621
2023-07-02 21:00:00+00:00,0.034483,0.034483,0.051724,0.0690516,0.12069,0.172414,0.189655,0.189655,0.189655,0.204017,0.206897
2023-07-02 22:00:00+00:00,0.103448,0.12069,0.155172,0.172414,0.189655,0.206897,0.224138,0.226683,0.241379,0.241379,0.258621
2023-07-02 23:00:00+00:00,0.172414,0.206897,0.206897,0.206897,0.206897,0.224138,0.224138,0.224138,0.224138,0.241379,0.241379
2023-07-03 00:00:00+00:00,0.241379,0.258621,0.255441,0.258621,0.258621,0.258621,0.258621,0.275862,0.310345,0.392208,1.0
2023-07-03 01:00:00+00:00,0.303263,0.327586,0.3295,0.344828,0.344828,0.344828,0.362069,0.37931,0.413793,1.0,1.0
2023-07-03 02:00:00+00:00,0.293103,0.293103,0.310345,0.344828,0.362069,0.362069,0.37931,0.396552,0.482759,1.0,1.0
2023-07-03 03:00:00+00:00,0.275862,0.281909,0.297421,0.327586,0.344828,0.362069,0.377586,0.396552,0.448276,1.0,1.0
2023-07-03 04:00:00+00:00,0.258621,0.259485,0.275862,0.296634,0.316669,0.327586,0.344828,0.362069,0.37931,0.37931,0.390243
2023-07-03 05:00:00+00:00,0.225841,0.241379,0.258621,0.275862,0.293103,0.293103,0.293103,0.310345,0.327586,0.344828,0.362069
2023-07-03 06:00:00+00:00,0.211661,0.224138,0.23674,0.241379,0.258621,0.258621,0.258621,0.275862,0.293103,0.310345,0.327586
2023-07-03 07:00:00+00:00,0.21847,0.224138,0.224138,0.241379,0.241379,0.242335,0.258621,0.275862,0.293103,0.294682,0.310345
2023-07-03 08:00:00+00:00,0.206897,0.224138,0.224138,0.239345,0.241379,0.241379,0.241379,0.258621,0.275862,0.287863,0.293103
2023-07-03 09:00:00+00:00,0.206897,0.206897,0.215428,0.224138,0.241379,0.258621,0.275862,0.275862,0.275862,0.275862,0.275862
2023-07-03 10:00:00+00:00,0.224138,0.230343,0.241379,0.241379,0.241379,0.241379,0.241379,0.258621,0.258621,0.273801,0.275862
2023-07-03 11:00:00+00:00,0.224138,0.241379,0.241379,0.241379,0.255741,0.265082,0.275862,0.275862,0.275862,0.293103,0.310345
2023-07-03 12:00:00+00:00,0.280168,0.293103,0.293103,0.310345,0.310345,0.327586,0.327586,0.327586,0.327586,0.344828,0.362069
2023-07-03 13:00:00+00:00,0.241379,0.258621,0.258621,0.258621,0.275862,0.275862,0.293103,0.327586,0.344828,0.344828,0.344828
2023-07-03 14:00:00+00:00,0.206897,0.224138,0.224138,0.224138,0.241379,0.275862,0.293103,0.293103,0.293103,0.310384,0.344828
2023-07-03 15:00:00+00:00,0.12069,0.137931,0.155172,0.172414,0.172414,0.172414,0.172414,0.189655,0.189655,0.204223,0.206897
2023-07-03 16:00:00+00:00,0.0942883,0.0932885,0.103448,0.103448,0.10702,0.12069,0.12069,0.12069,0.12069,0.12069,0.137931
2023-07-03 17:00:00+00:00,0.068966,0.068966,0.068966,0.068966,0.068966,0.086207,0.103448,0.12069,0.12069,0.155172,0.189655
2023-07-03 18:00:00+00:00,-0.017241,-0.0116391,0.0,0.051724,0.12069,0.137931,0.155172,0.155172,0.166444,0.206897,0.241379
2023-07-03 19:00:00+00:00,0.0,0.0,0.0,0.0,0.086207,0.12069,0.137931,0.155172,0.155172,0.189655,0.206897
2023-07-03 20:00:00+00:00,0.017241,0.017241,0.034483,0.051724,0.086207,0.12069,0.137931,0.155172,0.172414,0.189655,0.206897
2023-07-03 21:00:00+00:00,0.0589137,0.068966,0.086207,0.103448,0.12069,0.155172,0.172414,0.189655,0.206897,0.206897,0.206897
2023-07-03 22:00:00+00:00,0.12069,0.12069,0.12069,0.137931,0.149553,0.155172,0.172414,0.172414,0.172414,0.179024,0.189655
2023-07-03 23:00:00+00:00,0.172414,0.189655,0.189655,0.206897,0.206997,0.224138,0.224138,0.224138,0.238845,0.259281,0.310345
2023-07-04 00:00:00+00:00,0.275862,0.275862,0.293103,0.310345,0.310345,0.310345,0.327586,0.362069,0.396552,0.413793,0.448998
2023-07-04 01:00:00+00:00,0.293103,0.310345,0.310345,0.310345,0.310345,0.327586,0.327586,0.344828,0.37931,0.482759,1.0
2023-07-04 02:00:00+00:00,0.293103,0.310345,0.310345,0.327586,0.344828,0.362069,0.37931,0.396552,0.417324,1.0,1.0
2023-07-04 03:00:00+00:00,0.293103,0.293103,0.310345,0.327586,0.344828,0.362069,0.37931,0.396552,0.396552,0.448276,0.511403
2023-07-04 04:00:00+00:00,0.275862,0.275862,0.275862,0.275862,0.275862,0.275862,0.293103,0.293103,0.293103,0.327586,0.37931
2023-07-04 05:00:00+00:00,0.224138,0.224138,0.241379,0.258621,0.258621,0.258621,0.275862,0.293103,0.327586,0.344828,0.362069
2023-07-04 06:00:00+00:00,0.218328,0.224138,0.224138,0.241379,0.241379,0.241379,0.241379,0.263639,0.278993,0.293103,0.310345
2023-07-04 07:00:00+00:00,0.206897,0.206897,0.207929,0.224138,0.224138,0.224138,0.224138,0.241379,0.258621,0.275862,0.293103
2023-07-04 08:00:00+00:00,0.206897,0.206897,0.206897,0.206897,0.212199,0.224138,0.224138,0.241379,0.275862,0.275862,0.293103
2023-07-04 09:00:00+00:00,0.189655,0.206897,0.206897,0.206897,0.206897,0.224138,0.224138,0.224138,0.241379,0.258621,0.275862
2023-07-04 10:00:00+00:00,0.206897,0.224138,0.224138,0.224138,0.241379,0.258621,0.275862,0.275862,0.275862,0.293103,0.310345
2023-07-04 11:00:00+00:00,0.206897,0.206897,0.206897,0.212799,0.224138,0.224138,0.224138,0.241379,0.258621,0.275862,0.310345
2023-07-04 12:00:00+00:00,0.258621,0.275862,0.275862,0.275862,0.293103,0.293103,0.310345,0.327586,0.330435,0.344828,0.362069
2023-07-04 13:00:00+00:00,0.241379,0.258621,0.275862,0.293103,0.293103,0.310345,0.310345,0.310345,0.310345,0.344828,0.362069
2023-07-04 14:00:00+00:00,0.189655,0.206897,0.224138,0.23439,0.241379,0.241379,0.241379,0.243554,0.258621,0.275862,0.310345
2023-07-04 15:00:00+00:00,0.137931,0.149734,0.155172,0.155172,0.155172,0.155172,0.167362,0.172414,0.172414,0.206897,0.224138
2023-07-04 16:00:00+00:00,0.0912169,0.0926716,0.103448,0.103448,0.103448,0.12069,0.12069,0.12069,0.12069,0.128017,0.137931
2023-07-04 17:00:00+00:00,0.034483,0.0356764,0.051724,0.068966,0.068966,0.086207,0.086207,0.103448,0.103448,0.12069,0.12069
2023-07-04 18:00:00+00:00,0.0,0.0,0.0,0.017241,0.034483,0.051724,0.051724,0.051724,0.086207,0.14004,0.189655
2023-07-04 19:00:00+00:00,0.051724,0.086207,0.103448,0.103448,0.103448,0.103448,0.103448,0.103448,0.12069,0.155172,0.189655
2023-07-04 20:00:00+00:00,0.034483,0.0359225,0.0611144,0.086207,0.086207,0.086207,0.133501,0.189655,0.224138,0.224138,0.241379
2023-07-04 21:00:00+00:00,0.0,0.017241,0.0556371,0.103448,0.12069,0.137931,0.155172,0.172414,0.189655,0.206897,0.224138
2023-07-04 22:00:00+00:00,0.12069,0.137931,0.155172,0.172414,0.189655,0.189655,0.189655,0.206897,0.224138,0.258621,0.301724
2023-07-04 23:00:00+00:00,0.155172,0.172414,0.189655,0.206897,0.206897,0.206897,0.206897,0.224138,0.241379,0.258621,0.275862
2023-07-05 00:00:00+00:00,0.253711,0.258621,0.258621,0.258621,0.259173,0.275862,0.293103,0.310345,0.344828,0.37931,0.413793
2023-07-05 01:00:00+00:00,0.293103,0.293103,0.293103,0.310345,0.310345,0.344828,0.362069,0.37931,0.396552,0.431034,0.465517
2023-07-05 02:00:00+00:00,0.344626,0.344828,0.344828,0.362069,0.362069,0.37931,0.396552,0.413793,0.448276,1.0,1.0
2023-07-05 03:00:00+00:00,0.298387,0.306475,0.310345,0.310345,0.327586,0.37931,0.396552,0.413793,0.448276,1.0,1.0
2023-07-05 04:00:00+00:00,0.258621,0.275862,0.275862,0.277589,0.293103,0.328265,0.362069,0.37931,0.396552,0.400016,0.413793
2023-07-05 05:00:00+00:00,0.224138,0.224138,0.224138,0.238793,0.241379,0.241379,0.258621,0.258621,0.258621,0.275862,0.293103
2023-07-05 06:00:00+00:00,0.198276,0.206897,0.206897,0.224138,0.206897,0.224138,0.224138,0.241195,0.241379,0.258621,0.275429
2023-07-05 07:00:00+00:00,0.186776,0.206035,0.206897,0.206897,0.212069,0.219828,0.227216,0.234962,0.244432,0.25993,0.275429
2023-07-05 08:00:00+00:00,0.189267,0.189267,0.189655,0.189655,0.2,0.215517,0.223752,0.224138,0.227215,0.242702,0.258188
2023-07-05 09:00:00+00:00,0.181035,0.188793,0.189267,0.189267,0.194438,0.202196,0.206897,0.206897,0.211698,0.234943,0.258188
2023-07-05 10:00:00+00:00,0.196618,0.203234,0.204984,0.206125,0.206513,0.206526,0.213424,0.22893,0.244435,0.259932,0.275429
2023-07-05 11:00:00+00:00,0.218162,0.223177,0.223739,0.223745,0.22892,0.23668,0.247879,0.263376,0.275434,0.275862,0.293103
2023-07-05 12:00:00+00:00,0.241379,0.241379,0.241379,0.258621,0.258621,0.258621,0.272446,0.275862,0.293103,0.293103,0.293103
2023-07-05 13:00:00+00:00,0.241379,0.224138,0.241379,0.26025,0.275862,0.275862,0.27931,0.287069,0.293103,0.293103,0.295983
2023-07-05 14:00:00+00:00,0.2182,0.224138,0.224138,0.241379,0.241379,0.25862,0.258621,0.258621,0.258621,0.293103,0.310345
2023-07-05 15:00:00+00:00,0.137931,0.137931,0.144433,0.155172,0.172414,0.206897,0.224138,0.241379,0.241379,0.258621,0.278741
2023-07-05 16:00:00+00:00,0.068966,0.086207,0.086207,0.086207,0.103449,0.119015,0.12069,0.12069,0.137931,0.189656,0.189655
2023-07-05 17:00:00+00:00,0.0203159,0.034483,0.034483,0.034483,0.034483,0.051724,0.0637981,0.086207,0.12069,0.172414,0.189655
2023-07-05 18:00:00+00:00,0.0,0.017241,0.017241,0.017241,0.034483,0.017241,0.034483,0.068966,0.0892271,0.137931,0.138722
2023-07-05 19:00:00+00:00,0.034483,0.051724,0.051724,0.0671597,0.0690593,0.0870738,0.120689,0.137931,0.155172,0.206897,0.275862
2023-07-05 20:00:00+00:00,0.0168511,0.0163054,0.0237436,0.034483,0.051724,0.086207,0.103448,0.137931,0.155173,0.187116,0.224138
2023-07-05 21:00:00+00:00,0.068966,0.086207,0.068965,0.109867,0.132184,0.155172,0.183908,0.206897,0.224138,0.235632,0.270115
2023-07-05 22:00:00+00:00,0.126221,0.137931,0.137931,0.152586,0.155172,0.168455,0.189655,0.224138,0.258621,0.275103,0.293103
2023-07-05 23:00:00+00:00,0.170786,0.200651,0.204967,0.206897,0.224138,0.252874,0.258621,0.269828,0.277198,0.285345,0.293103
2023-07-06 00:00:00+00:00,0.242064,0.258621,0.258909,0.264368,0.275862,0.288793,0.293103,0.293103,0.293103,0.293103,0.293103
2023-07-06 01:00:00+00:00,0.241379,0.258621,0.258909,0.258621,0.293103,0.310345,0.327586,0.344828,0.344828,0.362069,0.37931
2023-07-06 02:00:00+00:00,0.267961,0.275862,0.275862,0.293103,0.310345,0.327586,0.344828,0.344828,0.344828,0.37931,0.431034
2023-07-06 03:00:00+00:00,0.266522,0.275862,0.275862,0.275862,0.286207,0.293103,0.310345,0.327586,0.344828,0.37931,0.396552
2023-07-06 04:00:00+00:00,0.241379,0.241379,0.241379,0.256035,0.258621,0.271552,0.275862,0.293103,0.310345,0.344828,0.37931
2023-07-06 05:00:00+00:00,0.212293,0.224138,0.224138,0.229885,0.229885,0.241379,0.241379,0.258621,0.258621,0.275862,0.344828
2023-07-06 06:00:00+00:00,0.195572,0.20115,0.20115,0.206897,0.220687,0.224138,0.224138,0.241379,0.241379,0.254693,0.258621
2023-07-06 07:00:00+00:00,0.189655,0.189655,0.189655,0.206897,0.206897,0.224138,0.224138,0.241379,0.241379,0.275862,0.293103
2023-07-06 08:00:00+00:00,0.189655,0.189655,0.189655,0.206897,0.206897,0.206897,0.206897,0.224138,0.224138,0.241379,0.275862
2023-07-06 09:00:00+00:00,0.185345,0.189655,0.189655,0.189655,0.189655,0.206897,0.206897,0.224138,0.224138,0.241379,0.275862
2023-07-06 10:00:00+00:00,0.189655,0.189655,0.189655,0.201149,0.206897,0.224138,0.218391,0.235632,0.241379,0.254822,0.275862
2023-07-06 11:00:00+00:00,0.206897,0.224138,0.224138,0.241379,0.247126,0.26266,0.258621,0.270115,0.275862,0.289919,0.310345
2023-07-06 12:00:00+00:00,0.241379,0.241379,0.258621,0.275862,0.275862,0.275862,0.275862,0.293103,0.293103,0.310345,0.344828
2023-07-06 13:00:00+00:00,0.227494,0.241379,0.241379,0.252873,0.261206,0.275862,0.293103,0.293103,0.313793,0.33908,0.362069
2023-07-06 14:00:00+00:00,0.185345,0.189655,0.206897,0.226758,0.241379,0.241379,0.258621,0.293103,0.310345,0.344828,0.344828
2023-07-06 15:00:00+00:00,0.103448,0.12069,0.12069,0.137931,0.137931,0.155172,0.172414,0.206897,0.241379,0.275862,0.293103
2023-07-06 16:00:00+00:00,0.017241,0.0255542,0.034483,0.034483,0.034483,0.051724,0.086207,0.12069,0.137931,0.172414,0.189655
2023-07-06 17:00:00+00:00,0.0,0.0,0.0,0.0,0.017241,0.017241,0.086207,0.137931,0.172414,0.206897,0.224138
2023-07-06 18:00:00+00:00,-0.051724,-0.0509113,0.0,0.0,0.0344827,0.034483,0.051724,0.051724,0.068966,0.12069,0.137931
2023-07-06 19:00:00+00:00,0.0,0.017241,0.017241,0.034483,0.034483,0.0707154,0.110344,0.137931,0.143678,0.155172,0.155172
2023-07-06 20:00:00+00:00,0.0,0.017241,0.034483,0.051724,0.051724,0.086207,0.086207,0.086207,0.103448,0.155172,0.189655
2023-07-06 21:00:00+00:00,0.068966,0.086207,0.0979716,0.103448,0.137931,0.172414,0.206897,0.224138,0.258621,0.293103,0.362069
2023-07-06 22:00:00+00:00,0.12069,0.12069,0.189655,0.224138,0.241379,0.275862,0.310345,0.327586,0.327586,0.344828,0.362069
2023-07-06 23:00:00+00:00,0.206897,0.206897,0.229885,0.247126,0.247126,0.258621,0.293103,0.310345,0.310345,0.327586,0.344828
2023-07-07 00:00:00+00:00,0.266089,0.275862,0.275862,0.275862,0.275862,0.293103,0.293103,0.293103,0.293103,0.293103,0.293103
2023-07-07 01:00:00+00:00,0.258621,0.258621,0.258621,0.275862,0.275862,0.275862,0.281609,0.29885,0.310345,0.344828,0.37931
2023-07-07 02:00:00+00:00,0.258621,0.258621,0.258621,0.275862,0.275862,0.275862,0.290705,0.310345,0.337931,0.35862,0.37931
2023-07-07 03:00:00+00:00,0.258621,0.258621,0.258621,0.258621,0.266665,0.275862,0.290705,0.310345,0.327586,0.344828,0.362069
2023-07-07 04:00:00+00:00,0.241379,0.241379,0.241379,0.241379,0.258621,0.263554,0.275862,0.293103,0.310345,0.327586,0.344828
2023-07-07 05:00:00+00:00,0.241379,0.241379,0.241379,0.247127,0.255501,0.258621,0.270115,0.287356,0.304597,0.304597,0.304597
2023-07-07 06:00:00+00:00,0.219511,0.224138,0.218391,0.229885,0.240135,0.244013,0.252873,0.264368,0.281609,0.281609,0.287356
2023-07-07 07:00:00+00:00,0.20321,0.206897,0.206897,0.218391,0.218391,0.229885,0.235632,0.247126,0.258621,0.264368,0.270115
2023-07-07 08:00:00+00:00,0.192769,0.195402,0.20115,0.20115,0.20115,0.206897,0.217259,0.229885,0.241379,0.25072,0.264368
2023-07-07 09:00:00+00:00,0.183908,0.183908,0.183908,0.189655,0.189655,0.201149,0.201149,0.213501,0.229885,0.237086,0.247126
2023-07-07 10:00:00+00:00,0.185828,0.189655,0.189655,0.195402,0.195402,0.212644,0.211512,0.224995,0.241379,0.241379,0.241379
2023-07-07 11:00:00+00:00,0.189655,0.189655,0.20115,0.212644,0.218391,0.235632,0.236592,0.252874,0.264368,0.270115,0.275862
2023-07-07 12:00:00+00:00,0.214843,0.224138,0.235632,0.247126,0.251149,0.266043,0.275862,0.293103,0.304598,0.306263,0.321839
2023-07-07 13:00:00+00:00,0.235632,0.247127,0.247127,0.264368,0.270115,0.287356,0.293103,0.310345,0.321839,0.333142,0.339081
2023-07-07 14:00:00+00:00,0.231005,0.247126,0.252874,0.264368,0.264368,0.275862,0.270115,0.281609,0.287356,0.287356,0.288316
2023-07-07 15:00:00+00:00,0.178774,0.189655,0.195402,0.201149,0.206897,0.218391,0.224138,0.224138,0.224138,0.232323,0.244253
2023-07-07 16:00:00+00:00,0.0632187,0.0689657,0.0804597,0.0804597,0.0977013,0.112909,0.132184,0.137931,0.144972,0.163871,0.181994
2023-07-07 17:00:00+00:00,-0.0172413,-0.00082802,0.0172413,0.0287357,0.034483,0.0632561,0.0747127,0.0919543,0.109195,0.114942,0.117816
2023-07-07 18:00:00+00:00,-0.0229887,-0.0229887,-0.0172413,-0.0114943,0.0,0.0,0.045977,0.0574713,0.0842934,0.114395,0.126437
2023-07-07 19:00:00+00:00,-0.0114943,0.00319894,0.00574733,0.00574733,0.0114943,0.032337,0.0344827,0.0344827,0.0574717,0.0977013,0.109195
2023-07-07 20:00:00+00:00,-0.0251988,-0.0229883,0.005747,0.005747,0.027654,0.0459773,0.0459773,0.0459773,0.099092,0.126437,0.143678
2023-07-07 21:00:00+00:00,0.0229887,0.0487618,0.0632183,0.0948996,0.0995222,0.114942,0.113811,0.137931,0.166667,0.218391,0.275862
2023-07-07 22:00:00+00:00,0.103448,0.112653,0.126437,0.137931,0.143678,0.178161,0.189655,0.218391,0.252874,0.316092,0.396552
2023-07-07 23:00:00+00:00,0.162493,0.189655,0.189655,0.189655,0.195402,0.229885,0.218489,0.247126,0.270115,0.287356,0.310345
2023-07-08 00:00:00+00:00,0.218391,0.231761,0.247126,0.266282,0.275862,0.293103,0.293103,0.304598,0.29885,0.316092,0.344828
2023-07-08 01:00:00+00:00,0.261927,0.270115,0.270115,0.275862,0.285439,0.293103,0.304598,0.333333,0.350575,0.37931,0.408046
2023-07-08 02:00:00+00:00,0.275862,0.293103,0.293103,0.293103,0.304598,0.321839,0.339081,0.362069,0.373563,0.390805,0.425287
2023-07-08 03:00:00+00:00,0.281609,0.293103,0.293103,0.29885,0.304598,0.316092,0.327586,0.356322,0.379311,0.396552,0.413793
2023-07-08 04:00:00+00:00,0.270115,0.270115,0.270115,0.287356,0.287356,0.29885,0.316092,0.344828,0.367816,0.373563,0.37931
2023-07-08 05:00:00+00:00,0.137931,0.137931,0.163875,0.172414,0.189655,0.206897,0.2079,0.206897,0.226097,0.275862,0.310345
2023-07-08 06:00:00+00:00,0.137931,0.143678,0.166667,0.160919,0.189655,0.20115,0.189655,0.206897,0.225621,0.275862,0.350575
2023-07-08 07:00:00+00:00,0.149425,0.155172,0.172414,0.172414,0.172414,0.187214,0.206897,0.224138,0.267959,0.310345,0.333333
2023-07-08 08:00:00+00:00,0.107997,0.137931,0.155172,0.137931,0.195402,0.172414,0.195402,0.178265,0.224691,0.284208,0.310345
2023-07-08 09:00:00+00:00,0.127151,0.155172,0.155172,0.172414,0.189655,0.172414,0.206897,0.224138,0.230237,0.293103,0.310345
2023-07-08 10:00:00+00:00,0.11973,0.132184,0.13863,0.155172,0.155172,0.155172,0.190151,0.21874,0.252157,0.284387,0.293103
2023-07-08 11:00:00+00:00,0.137931,0.137931,0.184745,0.206896,0.206897,0.195402,0.224138,0.235632,0.258621,0.275862,0.298851
2023-07-08 12:00:00+00:00,0.128764,0.137931,0.155173,0.192436,0.155172,0.206897,0.189739,0.217327,0.226082,0.275862,0.293103
2023-07-08 13:00:00+00:00,0.12069,0.126437,0.155172,0.172414,0.172342,0.191013,0.189655,0.206897,0.222767,0.258621,0.293103
2023-07-08 14:00:00+00:00,0.152293,0.155172,0.155172,0.172414,0.172414,0.189655,0.190716,0.224138,0.251666,0.287356,0.344828
2023-07-08 15:00:00+00:00,0.137931,0.155172,0.155172,0.172414,0.172414,0.211922,0.176951,0.206897,0.221816,0.258621,0.310345
2023-07-08 16:00:00+00:00,0.137931,0.155172,0.155172,0.155172,0.170879,0.172414,0.189655,0.224138,0.241379,0.293103,0.362069
2023-07-08 17:00:00+00:00,0.115107,0.137931,0.137931,0.155172,0.172414,0.189655,0.192528,0.229887,0.224138,0.270115,0.333333
2023-07-08 18:00:00+00:00,0.114943,0.12069,0.137931,0.150693,0.172414,0.172414,0.179697,0.229883,0.21992,0.275862,0.362069
2023-07-08 19:00:00+00:00,0.118915,0.0747127,0.137931,0.137931,0.155172,0.155172,0.172414,0.22147,0.21944,0.283453,0.327586
2023-07-08 20:00:00+00:00,0.0287357,0.0904825,0.123181,0.12069,0.137931,0.137931,0.172414,0.206896,0.208772,0.241381,0.327586
2023-07-08 21:00:00+00:00,0.086207,0.04023,0.115774,0.103448,0.109195,0.128237,0.159858,0.190678,0.207922,0.239667,0.327586
2023-07-08 22:00:00+00:00,0.0240518,0.051724,0.0919543,0.103448,0.11642,0.137931,0.156111,0.189655,0.208716,0.248278,0.264368
2023-07-08 23:00:00+00:00,0.0574713,0.12069,0.16225,0.137931,0.155172,0.186776,0.201149,0.223147,0.241379,0.239648,0.270115
2023-07-09 00:00:00+00:00,0.091954,0.113203,0.149426,0.137931,0.155172,0.169535,0.189655,0.213931,0.224138,0.231773,0.293103
2023-07-09 01:00:00+00:00,0.102489,0.131573,0.149629,0.137931,0.137931,0.155172,0.172414,0.19569,0.224138,0.232224,0.293103
2023-07-09 02:00:00+00:00,0.137931,0.137931,0.160919,0.155172,0.172414,0.172414,0.189655,0.206896,0.241379,0.258621,0.293103
2023-07-09 03:00:00+00:00,0.103448,0.109195,0.155594,0.173864,0.189655,0.183908,0.189655,0.206897,0.210546,0.241379,0.310345
2023-07-09 04:00:00+00:00,0.12069,0.128498,0.171078,0.189655,0.189655,0.189655,0.206897,0.224138,0.270115,0.284114,0.310345
2023-07-09 05:00:00+00:00,0.189655,0.189655,0.189655,0.206771,0.206897,0.206897,0.211429,0.238463,0.257997,0.26219,0.281507
2023-07-09 06:00:00+00:00,0.172414,0.189655,0.189655,0.189655,0.189655,0.189655,0.195721,0.221892,0.248227,0.293103,0.293103
2023-07-09 07:00:00+00:00,0.155172,0.172414,0.172414,0.172414,0.174262,0.186776,0.194124,0.205401,0.239032,0.293103,0.293103
2023-07-09 08:00:00+00:00,0.14264,0.172414,0.172414,0.172414,0.172922,0.186776,0.193354,0.204447,0.223515,0.275862,0.276222
2023-07-09 09:00:00+00:00,0.156104,0.172414,0.178352,0.186579,0.192502,0.197273,0.200467,0.20169,0.220787,0.241379,0.273363
2023-07-09 10:00:00+00:00,0.163841,0.189655,0.189655,0.189655,0.196716,0.200525,0.205516,0.211986,0.224138,0.252397,0.283208
2023-07-09 11:00:00+00:00,0.175304,0.189762,0.205558,0.206897,0.216149,0.227791,0.235475,0.238211,0.254716,0.275862,0.306196
2023-07-09 12:00:00+00:00,0.189655,0.197093,0.202018,0.206807,0.214711,0.221298,0.229152,0.2612,0.293103,0.293103,0.313859
2023-07-09 13:00:00+00:00,0.172414,0.189655,0.189655,0.216347,0.228249,0.228701,0.232861,0.275862,0.287587,0.298807,0.310028
2023-07-09 14:00:00+00:00,0.155172,0.206897,0.206897,0.206897,0.206897,0.214078,0.22919,0.241379,0.259235,0.283674,0.285733
2023-07-09 15:00:00+00:00,0.0943398,0.137931,0.172414,0.155172,0.168475,0.228701,0.241379,0.258621,0.258621,0.26193,0.287374
2023-07-09 16:00:00+00:00,0.0644906,0.069613,0.0932706,0.119245,0.163302,0.216401,0.248276,0.258621,0.258621,0.258621,0.258621
2023-07-09 17:00:00+00:00,0.0051435,0.102638,0.111661,0.119532,0.135142,0.15462,0.194214,0.258621,0.258621,0.261067,0.275862
2023-07-09 18:00:00+00:00,0.0,0.0638686,0.0665498,0.0692741,0.0857819,0.109182,0.161905,0.251283,0.275862,0.275862,0.275862
2023-07-09 19:00:00+00:00,0.0787049,0.0918239,0.0956361,0.0982849,0.149175,0.224186,0.273417,0.275862,0.275862,0.275862,0.275862
2023-07-09 20:00:00+00:00,0.0546811,0.0663671,0.0930926,0.121698,0.15433,0.188976,0.226302,0.231472,0.268966,0.275862,0.275862
2023-07-09 21:00:00+00:00,0.0415837,0.103448,0.103448,0.129719,0.191779,0.224425,0.224876,0.225328,0.225779,0.239896,0.275862
2023-07-09 22:00:00+00:00,0.0747979,0.12069,0.150003,0.169823,0.189655,0.191095,0.206897,0.224138,0.258562,0.275862,0.315957
2023-07-09 23:00:00+00:00,0.109688,0.155172,0.19853,0.206897,0.206897,0.223,0.223451,0.228071,0.250247,0.275862,0.275862
2023-07-10 00:00:00+00:00,0.162278,0.189655,0.203878,0.22148,0.222548,0.226769,0.258621,0.275862,0.275947,0.310345,0.310345
2023-07-10 01:00:00+00:00,0.180477,0.224138,0.224138,0.241379,0.241379,0.258621,0.275862,0.275862,0.285334,0.293103,0.332293
2023-07-10 02:00:00+00:00,0.19562,0.241379,0.245576,0.258621,0.259371,0.275862,0.275862,0.275862,0.275862,0.275862,0.293103
2023-07-10 03:00:00+00:00,0.187733,0.241379,0.241379,0.258621,0.258621,0.269604,0.275862,0.275862,0.275862,0.275862,0.293103
2023-07-10 04:00:00+00:00,0.190116,0.224138,0.224138,0.228424,0.241379,0.241379,0.241379,0.241379,0.246756,0.265757,0.275862
2023-07-10 05:00:00+00:00,-0.0742645,-0.0726334,-0.0609602,-0.0371013,-0.0198458,-0.0131692,0.00944105,0.0315262,0.0992818,0.137536,0.160578
2023-07-10 06:00:00+00:00,-0.0524434,-0.0477501,-0.0462935,-0.0356574,-0.0119096,0.00666864,0.012022,0.0352803,0.0584161,0.164054,0.187096
2023-07-10 07:00:00+00:00,-0.0245297,-0.0198363,-0.00866127,0.0173301,0.0345856,0.0362247,0.0450387,0.063194,0.0863298,0.191968,0.215009
2023-07-10 08:00:00+00:00,-0.00313114,0.00156223,0.0127373,0.0387508,0.0579421,0.0674448,0.0842033,0.0915878,0.107728,0.213366,0.236408
2023-07-10 09:00:00+00:00,-0.00688595,0.00179897,0.0264559,0.0498097,0.0600009,0.0761634,0.0834034,0.105078,0.205003,0.217275,0.227957
2023-07-10 10:00:00+00:00,0.037159,0.0522858,0.0769427,0.107349,0.127062,0.134157,0.153425,0.220437,0.25549,0.267762,0.278443
2023-07-10 11:00:00+00:00,0.0260202,0.041147,0.065804,0.0962103,0.117524,0.145198,0.200448,0.209298,0.244351,0.256623,0.267305
2023-07-10 12:00:00+00:00,0.102523,0.112574,0.141468,0.183412,0.204726,0.232399,0.28765,0.2965,0.331553,0.343824,0.354506
2023-07-10 13:00:00+00:00,0.10614,0.116192,0.145086,0.187029,0.208344,0.236017,0.291267,0.300117,0.33517,0.347442,0.358124
2023-07-10 14:00:00+00:00,0.0925718,0.102624,0.131517,0.173461,0.194775,0.222449,0.277699,0.286549,0.321602,0.333874,0.344555
2023-07-10 15:00:00+00:00,0.0685208,0.0994885,0.129451,0.138752,0.160025,0.187698,0.242949,0.251799,0.286852,0.299123,0.309805
2023-07-10 16:00:00+00:00,0.0127668,0.0255374,0.0495169,0.0654116,0.0774629,0.123662,0.178912,0.187762,0.222815,0.235087,0.245769
2023-07-10 17:00:00+00:00,-0.0742645,-0.0726334,-0.0609348,-0.0370601,-0.0198458,0.00838256,0.0936579,0.102508,0.137561,0.149833,0.160515
2023-07-10 18:00:00+00:00,-0.0477469,-0.0461158,-0.0344172,-0.0105424,0.00667182,0.0349002,0.120176,0.129026,0.164079,0.17635,0.187032
2023-07-10 19:00:00+00:00,-0.0327803,-0.0269509,-0.0198395,-0.0100316,0.0160486,0.0345824,0.0571772,0.147908,0.156255,0.204264,0.214946
2023-07-10 20:00:00+00:00,-0.0156074,-0.0113849,-0.00619656,0.00155588,0.00997127,0.0361403,0.0785757,0.169307,0.177654,0.225663,0.236344
2023-07-10 21:00:00+00:00,-0.0240588,-0.0198363,-0.0146479,-0.00689547,0.00151992,0.0231989,0.0332091,0.0644876,0.160675,0.166566,0.216649
2023-07-10 22:00:00+00:00,0.0222023,0.0260086,0.0306473,0.0352169,0.0520067,0.0736857,0.0836959,0.114974,0.211162,0.217053,0.267136
2023-07-10 23:00:00+00:00,0.0152892,0.0195117,0.0247255,0.0422636,0.0629748,0.0734551,0.0887955,0.111784,0.200023,0.205914,0.255997
2023-07-11 00:00:00+00:00,0.102523,0.112574,0.130861,0.15689,0.176932,0.18687,0.197811,0.213767,0.287224,0.293116,0.343199
2023-07-11 01:00:00+00:00,0.116839,0.135874,0.161834,0.181017,0.191166,0.201619,0.213844,0.25716,0.290842,0.296734,0.346816
2023-07-11 02:00:00+00:00,0.123702,0.149591,0.165623,0.1698,0.177598,0.188051,0.200276,0.243591,0.277274,0.280797,0.285882
2023-07-11 03:00:00+00:00,0.0889513,0.104536,0.115686,0.129448,0.130555,0.134477,0.141491,0.159938,0.206881,0.24261,0.251132
2023-07-11 04:00:00+00:00,0.0127668,0.0255088,0.0388971,0.0401791,0.0493593,0.0654052,0.0661637,0.069867,0.0760975,0.0932482,0.187096
2023-07-11 05:00:00+00:00,0.241379,0.241379,0.241379,0.247126,0.245114,0.259341,0.264368,0.275862,0.293007,0.29885,0.310345
2023-07-11 06:00:00+00:00,0.224138,0.224138,0.224138,0.235632,0.241379,0.246577,0.252873,0.266046,0.275478,0.289895,0.314178
2023-07-11 07:00:00+00:00,0.20115,0.206897,0.224138,0.224138,0.229885,0.229885,0.235632,0.252874,0.267072,0.277967,0.293103
2023-07-11 08:00:00+00:00,0.206897,0.206897,0.206897,0.206897,0.218107,0.220983,0.224138,0.235632,0.247127,0.260534,0.281609
2023-07-11 09:00:00+00:00,0.189655,0.206897,0.206897,0.206897,0.214752,0.223178,0.224138,0.235632,0.241379,0.256518,0.275862
2023-07-11 10:00:00+00:00,0.195402,0.201149,0.212644,0.212644,0.229264,0.229885,0.230075,0.235632,0.250167,0.270115,0.304598
2023-07-11 11:00:00+00:00,0.212644,0.229885,0.229885,0.235632,0.249253,0.252873,0.264368,0.264368,0.271553,0.29885,0.327586
2023-07-11 12:00:00+00:00,0.229885,0.241379,0.258621,0.275862,0.281609,0.281609,0.281609,0.281609,0.285634,0.313628,0.344828
2023-07-11 13:00:00+00:00,0.258621,0.258621,0.270115,0.275862,0.275862,0.280171,0.293103,0.293103,0.293103,0.304597,0.54023
2023-07-11 14:00:00+00:00,0.206897,0.224138,0.241379,0.275815,0.281609,0.281609,0.281609,0.283047,0.293103,0.327586,0.649425
2023-07-11 15:00:00+00:00,0.152299,0.154644,0.15613,0.172076,0.224138,0.241379,0.241953,0.260299,0.276341,0.266473,0.350575
2023-07-11 16:00:00+00:00,0.0977013,0.109195,0.125861,0.155172,0.168005,0.185304,0.197222,0.201149,0.224138,0.260726,0.304598
2023-07-11 17:00:00+00:00,0.0402297,0.0574168,0.085631,0.0799334,0.09938,0.126198,0.142718,0.149425,0.183908,0.189655,0.226058
2023-07-11 18:00:00+00:00,0.0229887,0.0229887,0.028753,0.0402297,0.0804597,0.106322,0.130607,0.155172,0.172414,0.185918,0.203069
2023-07-11 19:00:00+00:00,0.0229883,0.0287353,0.0521083,0.0632183,0.0919543,0.0948278,0.109195,0.143678,0.195402,0.228973,0.275862
2023-07-11 20:00:00+00:00,0.0344827,0.0344827,0.0528566,0.0747848,0.126437,0.143678,0.167016,0.175047,0.183141,0.212644,0.293103
2023-07-11 21:00:00+00:00,0.0970612,0.103449,0.12069,0.114943,0.136206,0.172414,0.189655,0.189655,0.241571,0.284822,0.333333
2023-07-11 22:00:00+00:00,0.132184,0.143678,0.171454,0.189655,0.198522,0.203742,0.227089,0.275594,0.293103,0.29885,0.333334
2023-07-11 23:00:00+00:00,0.212644,0.219422,0.241379,0.266232,0.275862,0.287356,0.293103,0.316092,0.324522,0.337836,0.350575
2023-07-12 00:00:00+00:00,0.258621,0.264368,0.264368,0.281609,0.293103,0.293583,0.299282,0.333333,0.350575,0.361207,0.37931
2023-07-12 01:00:00+00:00,0.258621,0.275862,0.275862,0.275862,0.293103,0.310345,0.33065,0.362069,0.37931,0.392529,0.413793
2023-07-12 02:00:00+00:00,0.258621,0.270115,0.270115,0.275862,0.287356,0.304598,0.344828,0.367816,0.385057,0.396552,0.413793
2023-07-12 03:00:00+00:00,0.270115,0.275862,0.285916,0.287356,0.298851,0.313026,0.327777,0.356322,0.373563,0.376437,0.390804
2023-07-12 04:00:00+00:00,0.258621,0.266005,0.270115,0.281609,0.295209,0.294539,0.312931,0.344828,0.350575,0.354436,0.367816
2023-07-12 05:00:00+00:00,0.224138,0.229105,0.241379,0.241379,0.241379,0.24354,0.25,0.275862,0.293103,0.310345,0.344828
2023-07-12 06:00:00+00:00,0.206897,0.206897,0.224138,0.224138,0.224138,0.224138,0.224138,0.258621,0.258621,0.293103,0.327586
2023-07-12 07:00:00+00:00,0.189655,0.195397,0.206897,0.206897,0.206897,0.214078,0.206897,0.241379,0.241379,0.275862,0.310345
2023-07-12 08:00:00+00:00,0.189655,0.189655,0.189655,0.189655,0.189655,0.199913,0.206897,0.224138,0.241379,0.275862,0.293103
2023-07-12 09:00:00+00:00,0.186776,0.189655,0.189655,0.189655,0.189655,0.189655,0.206897,0.224138,0.224138,0.241379,0.258621
2023-07-12 10:00:00+00:00,0.189655,0.189655,0.189655,0.19027,0.194573,0.206897,0.206897,0.241379,0.241379,0.251148,0.258621
2023-07-12 11:00:00+00:00,0.224138,0.224138,0.224138,0.234774,0.241379,0.241379,0.244827,0.275862,0.275862,0.275862,0.275862
2023-07-12 12:00:00+00:00,0.247121,0.258621,0.258621,0.258621,0.275862,0.275862,0.27701,0.310345,0.310345,0.327586,0.327586
2023-07-12 13:00:00+00:00,0.258621,0.258621,0.275862,0.275862,0.275862,0.275862,0.293103,0.310345,0.310345,0.327586,0.344828
2023-07-12 14:00:00+00:00,0.224138,0.224138,0.241379,0.258557,0.258621,0.258621,0.259197,0.275862,0.2908,0.285282,0.293103
2023-07-12 15:00:00+00:00,0.192534,0.193159,0.206897,0.206897,0.224138,0.224138,0.224138,0.258621,0.258621,0.258621,0.258621
2023-07-12 16:00:00+00:00,0.12069,0.12069,0.137931,0.137931,0.176152,0.189655,0.192618,0.206897,0.221316,0.212069,0.224138
2023-07-12 17:00:00+00:00,0.051724,0.068966,0.086207,0.104884,0.12069,0.137205,0.155172,0.172414,0.186776,0.190502,0.192477
2023-07-12 18:00:00+00:00,0.02645,0.034483,0.086207,0.12069,0.137931,0.155172,0.155172,0.172414,0.189655,0.189655,0.192002
2023-07-12 19:00:00+00:00,0.0574699,0.086207,0.103448,0.12069,0.137931,0.155172,0.187352,0.189655,0.203451,0.224138,0.25
2023-07-12 20:00:00+00:00,0.0546035,0.068966,0.103448,0.12069,0.149431,0.178155,0.199017,0.206897,0.221586,0.258621,0.301724
2023-07-12 21:00:00+00:00,0.086207,0.0982757,0.11925,0.130172,0.136207,0.155172,0.172414,0.189655,0.224138,0.293103,0.341948
2023-07-12 22:00:00+00:00,0.137931,0.155172,0.164323,0.189655,0.189655,0.224138,0.241379,0.273487,0.293103,0.304451,0.341948
2023-07-12 23:00:00+00:00,0.189655,0.189655,0.206897,0.224138,0.229736,0.241379,0.275862,0.275862,0.293103,0.298276,0.310345
2023-07-13 00:00:00+00:00,0.215517,0.224138,0.258621,0.275862,0.275862,0.275862,0.275862,0.293103,0.293103,0.327586,0.431034
2023-07-13 01:00:00+00:00,0.258621,0.275862,0.275862,0.275862,0.275862,0.275862,0.275862,0.344828,0.362069,0.362069,0.448276
2023-07-13 02:00:00+00:00,0.275862,0.275862,0.275862,0.275862,0.275862,0.293103,0.310345,0.362069,0.378812,0.366028,0.448276
2023-07-13 03:00:00+00:00,0.275862,0.275862,0.281603,0.282153,0.286281,0.293103,0.293103,0.371121,0.344828,0.37931,0.431034
2023-07-13 04:00:00+00:00,0.258621,0.258621,0.266093,0.275862,0.275862,0.275862,0.275862,0.327586,0.310345,0.344828,0.396552
2023-07-13 05:00:00+00:00,0.247127,0.247127,0.249425,0.253545,0.257665,0.270115,0.283908,0.294828,0.312644,0.327586,0.327586
2023-07-13 06:00:00+00:00,0.226052,0.233908,0.235632,0.236207,0.243678,0.252874,0.256322,0.271264,0.286207,0.305747,0.321839
2023-07-13 07:00:00+00:00,0.20115,0.206322,0.214943,0.218966,0.226437,0.235632,0.23908,0.252299,0.258621,0.291954,0.316092
2023-07-13 08:00:00+00:00,0.195402,0.20115,0.203449,0.206897,0.210345,0.218391,0.221839,0.235057,0.241379,0.276437,0.304598
2023-07-13 09:00:00+00:00,0.178161,0.189081,0.197701,0.20115,0.20115,0.206897,0.218391,0.218391,0.228736,0.276437,0.304598
2023-07-13 10:00:00+00:00,0.195402,0.20115,0.20115,0.203064,0.211875,0.218391,0.221839,0.235057,0.237931,0.275287,0.333333
2023-07-13 11:00:00+00:00,0.218391,0.218391,0.218391,0.222989,0.235631,0.241377,0.250575,0.265517,0.277011,0.292529,0.333333
2023-07-13 12:00:00+00:00,0.251914,0.252874,0.262069,0.275862,0.275862,0.278735,0.286207,0.308046,0.339081,0.363793,0.390804
2023-07-13 13:00:00+00:00,0.287356,0.293103,0.295402,0.29885,0.302299,0.316092,0.331035,0.366092,0.381598,0.393851,0.41569
2023-07-13 14:00:00+00:00,0.25,0.263887,0.274713,0.286207,0.301149,0.310345,0.31954,0.355173,0.380449,0.381782,0.392701
2023-07-13 15:00:00+00:00,0.197316,0.218105,0.232186,0.241379,0.244827,0.267241,0.294252,0.3,0.339069,0.359368,0.381207
2023-07-13 16:00:00+00:00,0.126437,0.137071,0.155175,0.178832,0.184101,0.198273,0.213793,0.240804,0.288506,0.326431,0.346724
2023-07-13 17:00:00+00:00,0.085247,0.0870707,0.101152,0.121839,0.129885,0.152779,0.178547,0.194253,0.201149,0.244253,0.310345
2023-07-13 18:00:00+00:00,0.0536381,0.0687717,0.0846757,0.102972,0.109195,0.137931,0.179694,0.186689,0.201149,0.231897,0.264368
2023-07-13 19:00:00+00:00,0.0632183,0.0712644,0.0839081,0.0983731,0.102493,0.114942,0.136782,0.175862,0.214368,0.276437,0.333333
2023-07-13 20:00:00+00:00,0.072799,0.0747126,0.0793104,0.086207,0.086207,0.0919542,0.11954,0.167529,0.268965,0.330651,0.360149
2023-07-13 21:00:00+00:00,0.0689653,0.0689653,0.0965516,0.139655,0.165517,0.20115,0.222605,0.301242,0.327394,0.356408,0.379287
2023-07-13 22:00:00+00:00,0.167627,0.204215,0.225285,0.242529,0.270114,0.287353,0.312644,0.322413,0.336586,0.358515,0.392701
2023-07-13 23:00:00+00:00,0.213604,0.218872,0.231034,0.245977,0.257472,0.264368,0.274329,0.293483,0.324138,0.365517,0.373563
2023-07-14 00:00:00+00:00,0.213604,0.218872,0.231034,0.245977,0.26092,0.272988,0.27931,0.292528,0.297701,0.325287,0.436782
2023-07-14 01:00:00+00:00,0.258621,0.263793,0.272414,0.276437,0.283908,0.293103,0.295402,0.30977,0.343678,0.358621,0.402299
2023-07-14 02:00:00+00:00,0.270115,0.275862,0.275862,0.28046,0.302299,0.33046,0.343678,0.360919,0.373563,0.397701,0.442529
2023-07-14 03:00:00+00:00,0.270115,0.275287,0.283908,0.3,0.329885,0.33908,0.342529,0.357471,0.388506,0.403448,0.425287
2023-07-14 04:00:00+00:00,0.252874,0.258046,0.266667,0.278161,0.3,0.321839,0.333333,0.336782,0.35977,0.374138,0.402299
2023-07-14 05:00:00+00:00,0.183914,0.206897,0.206897,0.227022,0.241379,0.258621,0.275862,0.275862,0.327586,0.293103,0.413793
2023-07-14 06:00:00+00:00,0.189655,0.193243,0.206897,0.241379,0.258621,0.241379,0.310345,0.327586,0.344828,0.362069,0.465517
2023-07-14 07:00:00+00:00,0.189655,0.206897,0.206897,0.206897,0.224138,0.241379,0.293103,0.310345,0.362069,0.310345,0.431034
2023-07-14 08:00:00+00:00,0.206897,0.206897,0.206897,0.224138,0.224138,0.241379,0.258621,0.258621,0.275862,0.28556,0.327586
2023-07-14 09:00:00+00:00,0.189655,0.189655,0.189655,0.189655,0.206897,0.224138,0.241379,0.257325,0.275862,0.293103,0.327586
2023-07-14 10:00:00+00:00,0.172414,0.189655,0.206897,0.206897,0.224138,0.241379,0.241379,0.258621,0.258621,0.293103,0.327586
2023-07-14 11:00:00+00:00,0.18441,0.189655,0.189655,0.206897,0.206897,0.224138,0.224138,0.241379,0.241379,0.275862,0.293103
2023-07-14 12:00:00+00:00,0.172414,0.172414,0.206897,0.206897,0.224138,0.224138,0.241379,0.275862,0.293103,0.310345,0.344828
2023-07-14 13:00:00+00:00,0.172414,0.206897,0.206897,0.224138,0.241379,0.258621,0.275862,0.293103,0.291376,0.309644,0.327586
2023-07-14 14:00:00+00:00,0.103448,0.12069,0.137931,0.155172,0.172414,0.189655,0.224138,0.227017,0.258621,0.293103,0.37931
2023-07-14 15:00:00+00:00,0.051724,0.086207,0.12069,0.137931,0.137931,0.189655,0.206897,0.224138,0.224138,0.241379,0.293103
2023-07-14 16:00:00+00:00,0.034483,0.068966,0.103448,0.137931,0.206897,0.206897,0.224138,0.224138,0.293103,0.293103,0.431034
2023-07-14 17:00:00+00:00,0.0,0.017241,0.0,0.137931,0.137931,0.155172,0.172414,0.206897,0.241379,0.260071,0.344828
2023-07-14 18:00:00+00:00,0.017241,0.086207,0.12069,0.155172,0.172414,0.186061,0.206897,0.206897,0.241379,0.258621,0.327586
2023-07-14 19:00:00+00:00,0.068966,0.137931,0.137931,0.137931,0.155172,0.155172,0.189655,0.206897,0.258621,0.275862,0.293103
2023-07-14 20:00:00+00:00,0.127866,0.137931,0.137931,0.155172,0.172414,0.206897,0.224138,0.224138,0.258621,0.275862,0.362069
2023-07-14 21:00:00+00:00,0.137931,0.189655,0.189655,0.206897,0.206897,0.206897,0.224138,0.241379,0.258621,0.275862,0.293103
2023-07-14 22:00:00+00:00,0.183914,0.193243,0.206897,0.224138,0.224138,0.224138,0.241379,0.258621,0.310345,0.310345,0.310345
2023-07-14 23:00:00+00:00,0.224138,0.224138,0.224138,0.224138,0.258621,0.275862,0.275862,0.275862,0.293103,0.310345,0.344828
2023-07-15 00:00:00+00:00,0.206897,0.206897,0.206897,0.224138,0.241379,0.241379,0.258621,0.275862,0.310345,0.314725,0.327586
2023-07-15 01:00:00+00:00,0.212681,0.206897,0.189655,0.241379,0.258621,0.275862,0.293103,0.327586,0.344828,0.344828,0.344828
2023-07-15 02:00:00+00:00,0.206897,0.206897,0.206897,0.224138,0.241379,0.275862,0.293103,0.310345,0.327586,0.343806,0.344828
2023-07-15 03:00:00+00:00,0.189655,0.206897,0.206897,0.224138,0.241379,0.258621,0.275862,0.293103,0.327586,0.327586,0.396552
2023-07-15 04:00:00+00:00,0.172414,0.189655,0.189655,0.224138,0.246549,0.258621,0.275862,0.293103,0.310345,0.344828,0.37931
2023-07-15 05:00:00+00:00,0.241379,0.241379,0.243676,0.248271,0.256321,0.267242,0.275862,0.275862,0.317242,0.355173,0.37931
2023-07-15 06:00:00+00:00,0.224138,0.224138,0.224138,0.224138,0.224138,0.241379,0.258621,0.258621,0.3,0.332759,0.344828
2023-07-15 07:00:00+00:00,0.192534,0.202588,0.206897,0.206897,0.206897,0.215518,0.227586,0.239655,0.293103,0.327586,0.327586
2023-07-15 08:00:00+00:00,0.189655,0.189655,0.196552,0.206897,0.206897,0.206897,0.210345,0.222414,0.275862,0.315517,0.327586
2023-07-15 09:00:00+00:00,0.172414,0.184483,0.189655,0.189655,0.189655,0.189655,0.196552,0.22069,0.265517,0.298276,0.310345
2023-07-15 10:00:00+00:00,0.189655,0.189655,0.189655,0.189655,0.189655,0.198276,0.206897,0.206897,0.258621,0.303448,0.327586
2023-07-15 11:00:00+00:00,0.206897,0.210916,0.21379,0.216379,0.222414,0.232759,0.241379,0.241379,0.293103,0.343103,0.37931
2023-07-15 12:00:00+00:00,0.224138,0.236207,0.243676,0.248271,0.256321,0.267242,0.275862,0.275862,0.337931,0.37931,0.37931
2023-07-15 13:00:00+00:00,0.255741,0.257757,0.265517,0.275862,0.275862,0.284483,0.293103,0.293103,0.324138,0.355173,0.37931
2023-07-15 14:00:00+00:00,0.218397,0.222416,0.231034,0.243103,0.255173,0.258621,0.265517,0.289655,0.293103,0.308621,0.344828
2023-07-15 15:00:00+00:00,0.189655,0.19167,0.198279,0.206897,0.206897,0.212647,0.222993,0.239081,0.251724,0.258621,0.258621
2023-07-15 16:00:00+00:00,0.137931,0.137931,0.144827,0.155172,0.155172,0.155172,0.162069,0.186207,0.189655,0.194828,0.206897
2023-07-15 17:00:00+00:00,0.034483,0.0465517,0.0586208,0.0724142,0.0965516,0.112069,0.127586,0.151724,0.155172,0.161208,0.175293
2023-07-15 18:00:00+00:00,0.034483,0.0465517,0.0586208,0.0706901,0.0827588,0.086207,0.0931036,0.117242,0.12069,0.121554,0.123569
2023-07-15 19:00:00+00:00,0.034483,0.0706898,0.0931034,0.105172,0.117242,0.12069,0.124138,0.136207,0.205172,0.252586,0.258621
2023-07-15 20:00:00+00:00,0.017241,0.0293104,0.062069,0.10862,0.144827,0.181035,0.217242,0.253449,0.268966,0.283621,0.301724
2023-07-15 21:00:00+00:00,0.0689655,0.0689659,0.0827588,0.105172,0.117242,0.155172,0.193103,0.205173,0.217242,0.259481,0.341948
2023-07-15 22:00:00+00:00,0.103448,0.127586,0.137931,0.137931,0.137931,0.181035,0.224138,0.224138,0.258617,0.30057,0.344828
2023-07-15 23:00:00+00:00,0.10919,0.129309,0.158621,0.191667,0.205752,0.216957,0.237931,0.286207,0.293103,0.293103,0.293103
2023-07-16 00:00:00+00:00,0.186776,0.188791,0.210345,0.241953,0.245973,0.252871,0.262069,0.274138,0.286207,0.324138,0.396552
2023-07-16 01:00:00+00:00,0.247121,0.255171,0.258621,0.260345,0.272414,0.284483,0.296551,0.308621,0.362069,0.406897,0.431034
2023-07-16 02:00:00+00:00,0.293103,0.293103,0.293103,0.293103,0.293103,0.293103,0.293103,0.293103,0.365517,0.418965,0.431034
2023-07-16 03:00:00+00:00,0.281603,0.289653,0.293103,0.294827,0.306897,0.318965,0.331034,0.343104,0.365517,0.389655,0.413793
2023-07-16 04:00:00+00:00,0.2615,0.271553,0.278158,0.284477,0.304597,0.310345,0.310345,0.310345,0.341379,0.367241,0.37931
